,BCH,ETH,LTC,LINK,ALGO
0,,,,,
,BNB,ETH,BCH,LINK,ALGO
0,,,,,
,TRX,ETH,BCH,BNB,LTC
0,,,,,
,ETH,BNB,ALGO,BCH,LTC
0,,,,,
,XRP,BNB,BCH,ALGO,LTC
0,,,,,
,LINK,BCH,ALGO,BNB,LTC
0,,,,,
,BCH,VET,BNB,ALGO,LTC
0,0.019033094402927997,-0.01954527323494215,-0.008091706001348564,0.17076700434153413,0.23505019642077696
,ADA,LINK,BCH,ALGO,LTC
0,-0.09396617986164502,0.0,-0.06103048544267964,-0.01375515818431916,0.04339550818424054
,VET,BCH,ALGO,LINK,LTC
0,-0.06644924582144307,-0.056952773054088635,-0.12453760789149204,0.11520737327188946,0.022768341163715178
,XLM,ADA,LTC,ICX,LINK
0,-0.07105084745762702,-0.10144369586140523,-0.025559668605675934,-0.04844290657439443,-0.012875536480686844
,XLM,ICX,LTC,BCH,LINK
0,-0.13404962906114104,-0.03658536585365846,0.0046745774901115755,-0.017558478661984345,-0.008264462809917328
,BNB,ICX,BCH,LINK,LTC
0,-0.07457739476300962,-0.007462686567164201,0.025766037289838284,0.046025104602510414,0.011232071885260098
,ADA,ICX,LTC,BCH,LINK
0,-0.04941087039148606,-0.026973026973026948,0.08128644636861626,-0.06701786943637933,0.02892561983471076
,ZEC,IOTA,QTUM,LINK,LTC
0,0.028481012658227778,0.07235142118863047,0.1116318704729442,0.03508771929824572,0.10361182050346596
,ICX,BAT,IOTA,LTC,QTUM
0,-0.05768274490303327,-0.021390374331550777,-0.011943986820428298,0.045406360424028236,0.04755892255892258
,ETH,ADA,XRP,LTC,QTUM
0,0.029454683024374262,0.054627249357326546,0.03784302437152176,0.07688133140376263,0.10868616324749025
,LTC,IOTA,QTUM,BAT,ICX
0,0.07856120257695065,0.07018992568125504,0.060285132382892126,0.14512471655328807,0.22632911392405064
,IOTA,LTC,ZRX,BAT,ICX
0,0.044093851132686046,0.0003417634996580876,0.05593607305936077,0.10027100271002709,0.21303258145363402
,ZRX,VET,ZIL,BAT,ICX
0,0.027507163323782224,-0.03841201716738207,0.0181347150259068,0.03846153846153855,0.14733059548254612
,ZIL,ZRX,BAT,IOTA,ICX
0,0.11882510013351144,0.056513979773944234,0.04690117252931314,0.07951807228915664,0.22864450127877234
,BAT,ZRX,IOTA,ZIL,ICX
0,0.033333333333333215,-0.000580046403712231,0.08461859107961645,0.12061711079943915,0.17203166226912914
,TRX,ADA,IOTA,ZIL,ICX
0,-0.07997698504027617,-0.0682510664229129,-0.07162006893910378,-0.03743315508021394,-0.09187749667110523
,XRP,VET,ZIL,LTC,BCH
0,-0.07143373319843915,-0.11797997387897252,-0.06896551724137923,-0.024722083955533436,-0.03788571248463446
,XRP,ZIL,BCH,IOTA,LTC
0,-0.05850259888671805,-0.18393480791618166,-0.05852095974373983,-0.022859356838434763,0.05090536385377531
,ADA,BCH,XRP,IOTA,LTC
0,-0.09640258690379955,-0.012634920634920666,-0.04466372370812777,-0.0753938484621155,0.020408163265306145
,BAT,IOTA,XRP,BCH,LTC
0,-0.036799999999999944,-0.10639880952380953,-0.054009093933680696,0.007843393574953339,0.008708511337495839
,ETH,XRP,BAT,BCH,LTC
0,-0.04875834445927907,-0.03293402069502649,-0.03067160232681121,-0.0643331089527841,0.010193850267379734
,VET,XRP,BAT,ZRX,LTC
0,0.007550731477111938,0.0233247523207738,-0.023026315789473784,0.08070617906683486,0.025254237288135695
,XRP,LTC,IOTA,ETH,ZRX
0,0.0056033308689054095,0.028411024157876774,-0.0163803435876948,0.03457667258732977,0.06278317152103563
,LTC,BAT,NEO,ETH,ZRX
0,0.24642392717815342,-0.028651685393258353,0.03116764065543709,0.03158957306573229,-0.030469226081657586
,ZEC,BNB,NEO,ETH,LTC
0,0.028251121076233066,0.04510921177587868,-0.013195313388692953,-0.014167444029850818,0.4047933884297519
,ADA,ATOM,ZEC,BNB,LTC
0,0.03887005649717512,0.016949152542372836,0.039150630391506125,0.045730284647690134,0.3797035347776512
,ADA,ZEC,ETH,BNB,LTC
0,0.028249834473625945,0.03118325501922259,0.018807545474960774,-0.014078310602727684,0.4593879239040528
,BCH,ADA,ZEC,ATOM,LTC
0,0.05060938561063644,0.0027855153203342198,0.03063457330415753,0.2690166975881261,0.5242188791535791
,ETH,ZEC,BCH,ATOM,LTC
0,0.029472358933272158,0.004022346368715013,0.0493579166367748,0.26853215513009343,0.5146401985111662
,ETH,BCH,ALGO,ATOM,LTC
0,0.026190065043458333,0.026442135435327918,-0.10769230769230775,0.3160595177013852,0.1550599895670317
,ADA,ETH,BCH,LTC,ATOM
0,0.02644665461121143,0.06866165947128744,0.06793729960812245,0.013060360042357999,0.5076167076167075
,TRX,ICX,BCH,ETH,ATOM
0,0.00911458333333326,-0.02654867256637161,0.04704718365118876,0.01914737849862025,0.4703703703703703
,TRX,ETH,LTC,BCH,ATOM
0,-0.0006341154090043766,0.03653496445693505,-0.10587168442530037,0.013727842196454842,0.1374633431085044
,BCH,IOTA,ZRX,ETH,ATOM
0,0.034529681918693766,0.03886335144170494,0.0030413625304135383,0.04696239685440551,0.254751461988304
,BAT,BCH,IOTA,ETH,ATOM
0,0.03660662405578141,0.02228755042045516,0.04152684563758391,0.09772638834843517,0.2883126934984521
,BAT,IOTA,ZEC,ETH,ATOM
0,0.08392018779342725,0.09681475272422446,0.1430505415162453,0.16743325106573925,0.28421052631578947
,ZRX,VET,ZEC,ETH,ATOM
0,0.19750778816199377,0.14377338321753075,0.1825112107623319,0.16286662977310473,0.07203389830508478
,ZRX,TRX,XRP,IOTA,XLM
0,0.41066997518610404,0.1335483870967742,0.1770008622716941,0.23309829946080463,0.3972650164445213
,LINK,ETH,IOTA,XLM,ZRX
0,0.16666666666666674,0.15901116427432216,0.26696284329563813,0.2278459441036127,0.4087061668681984
,LINK,BAT,XLM,IOTA,ZRX
0,0.17391304347826075,0.17816091954022983,0.1958462066598008,0.18262268704746587,0.4960582171012735
,LINK,BAT,IOTA,XLM,ZRX
0,0.1518987341772151,0.07343049327354256,0.1216270640354411,0.1641384012272029,0.4387568555758685
,TRX,IOTA,LINK,XLM,ZRX
0,-0.04436450839328543,0.061138708444784085,0.11111111111111116,0.0,0.19406392694063923
,BAT,IOTA,BCH,LINK,ZRX
0,-0.20852359208523596,-0.14631685166498476,0.08343129681254813,-0.050000000000000044,-0.016129032258064613
,IOTA,LINK,LTC,ZRX,BCH
0,-0.12378069290279181,-0.06417112299465244,-0.04867421884725498,-0.0664028144239226,0.03872070472997402
,IOTA,ZRX,LINK,LTC,BCH
0,-0.14823079375199233,-0.061802575107296254,-0.09340659340659352,-0.06690364351910616,0.02866756837000617
,ATOM,QTUM,TRX,LINK,NEO
0,0.07320349227669576,0.355842630651791,0.23067010309278335,0.01526717557251911,0.554054054054054
,LTC,TRX,VET,QTUM,NEO
0,0.08540323433040897,0.32010582010582,0.1663597298956414,0.3808383233532935,0.47542337876910357
,ADA,VET,TRX,QTUM,NEO
0,0.19422283356258596,0.40901502504173615,0.5306834030683403,0.4775064267352185,0.5607354857391051
,BNB,VET,QTUM,TRX,NEO
0,0.18428824571766111,0.380920613742495,0.38296529968454274,0.31596306068601576,0.6112546655182314
,LTC,TRX,VET,QTUM,NEO
0,0.30787643907443285,0.12031782065834284,0.21356635071090047,0.20744081172491535,0.35337186897880524
,BCH,QTUM,VET,LTC,NEO
0,0.12075715207571514,0.1807228915662651,0.18270944741532968,0.29446952595936793,0.16613558949565976
,TRX,VET,ALGO,ZIL,LTC
0,0.04031413612565449,0.019888430754305242,0.18431911966987613,0.06866197183098577,0.07233830845771139
,ATOM,LTC,XLM,BCH,ALGO
0,0.09129032258064518,0.11568799298860655,0.06314972847168354,0.3770593276830776,0.1439098396185523
,ATOM,VET,LTC,ALGO,BCH
0,0.14662012059663598,0.04028436018957349,0.011606982184632075,0.13624338624338628,0.36049417645117177
,ZIL,ALGO,ATOM,XLM,BCH
0,0.1205035971223023,0.343601895734597,0.24535809018567623,0.28495381243150164,0.09040725728623822
,ZIL,VET,ATOM,XLM,ALGO
0,0.14081996434937616,0.2784964608249938,0.17529880478087656,0.1806174166794654,0.2794051374493014
,ZIL,ATOM,XLM,VET,ALGO
0,0.039556962025316444,0.19128031931225054,0.07579710144927532,0.4064305450891734,0.04192307692307673
,XLM,ICX,BCH,ATOM,VET
0,-0.0014033118158854885,0.0006075334143378353,0.10424564063684616,0.11319099151798762,0.2627824019024969
,BCH,ZEC,IOTA,ADA,ICX
0,0.1711226656000986,0.24475806451612914,0.28324187420852676,0.23570270896040757,0.41270903010033444
,BCH,ADA,ZEC,IOTA,ICX
0,0.23055930236205646,0.24983314794215805,0.3607128226136831,0.240506329113924,0.579296615792966
,BCH,IOTA,ADA,ZEC,ICX
0,0.20867182462927159,0.25511945392491486,0.24826147426981926,0.36397209684037746,0.6664516129032256
,BCH,ADA,IOTA,ZEC,ICX
0,0.09176842407700048,0.2554286993507946,0.24379324379324374,0.23102741003169847,0.5817031070195624
,ZIL,ZEC,IOTA,ADA,ICX
0,0.2133072407045009,0.20460311707140266,0.22416534181240078,0.16464688675302974,0.786358511837655
,ADA,ZEC,ZIL,IOTA,ICX
0,0.07512268780671949,0.15442859658390562,0.17514124293785316,0.1754201680672267,0.9940796555435953
,QTUM,ZEC,ZIL,IOTA,ICX
0,0.11471442400774445,0.04130223517978626,0.24456521739130443,0.09144736842105261,1.4346590909090908
,XRP,VET,ALGO,ZIL,ICX
0,0.14027669444558488,0.13883512229456274,0.13948675496688723,0.2382671480144405,0.835294117647059
,VET,ALGO,XRP,ZIL,ICX
0,0.1793270898369752,0.16504854368932032,0.18406214760055128,0.25632377740303536,0.7723577235772359
,BAT,TRX,ZRX,ZIL,ICX
0,0.17626059794734505,0.1562663869952805,0.1964670400689359,0.37271214642262906,0.5001818843215715
,BNB,ETH,ALGO,ZIL,ICX
0,0.1829533116178066,0.1852363250132767,0.21646220815195893,0.21129032258064528,0.2783212369832755
,ETH,ZIL,LINK,ALGO,ICX
0,0.2044676255202571,0.27083333333333326,0.2553956834532376,0.29733840304182513,0.1829959514170041
,LINK,ZRX,ZIL,ALGO,BNB
0,0.23722627737226265,0.11702127659574457,0.10043668122270732,0.2785892411827573,0.38063806380638066
,ETH,BCH,LINK,ALGO,BNB
0,0.16251226692836096,0.037290800853645,0.40492957746478897,0.34217217580820924,0.33333333333333326
,ATOM,ZIL,BNB,ALGO,LINK
0,0.11384950926935655,0.11275167785234896,0.27818093855829695,0.34687500000000027,0.38408304498269885
,BAT,ETH,BNB,ALGO,LINK
0,0.12063732928679816,0.20233358666010992,0.1541251133272894,0.11875800256081925,0.17575757575757578
,XRP,LINK,VET,NEO,ETH
0,0.20959550480855826,0.29532163742690054,0.24501424501424496,0.31545318292971514,0.27959494578367217
,VET,ZRX,ETH,LINK,NEO
0,0.0939469441594607,0.07681940700808632,0.1591286851544047,0.2320916905444126,0.06045464142444934
,XLM,XRP,VET,ETH,LINK
0,0.05472848433290811,0.07113598127423026,0.09001536098310292,0.16627057082642027,0.3126843657817109
,XRP,NEO,VET,ETH,LINK
0,0.021995230807559496,0.08813928182807396,-0.09859719438877756,0.12898868816478148,0.0802005012531326
,LTC,XRP,LINK,NEO,ETH
0,0.0018600658177134743,-0.021421296448401517,0.135,0.04482549112266243,0.06356682618033838
,ZRX,LTC,NEO,ETH,LINK
0,-0.12284550297712316,0.026111503175723527,-0.0709566596194503,-0.03844580777096107,0.13144329896907214
,ICX,ETH,ALGO,LTC,LINK
0,-0.036926889714993916,-0.09717067021500103,0.1883187772925765,0.06131805157593129,-0.036117381489842004
,ETH,ICX,LINK,LTC,ALGO
0,0.00018867924528298552,0.16404742211193812,-0.006976744186046546,0.12436731742588569,0.2462731067382231
,ETH,ATOM,LTC,ICX,ALGO
0,0.005959475566150285,0.1401592718998863,0.11282125744155658,0.1643286573146292,0.3019086176980914
,BAT,LTC,ATOM,ICX,ALGO
0,0.03716216216216206,0.06524822695035448,0.12388758782201426,0.1672937771345877,0.3925431949075475
,ZIL,LTC,ATOM,ICX,ALGO
0,-0.07928388746803083,0.04512996286775217,-0.01013513513513531,-0.04402515723270439,0.41487839771101576
,VET,ICX,ATOM,LTC,ALGO
0,-0.04271395528141875,-0.10655737704918022,-0.022190062711046732,-0.006052269601100391,0.13147295742232434
,ADA,QTUM,ATOM,LTC,ALGO
0,-0.154256233877902,-0.12138970280452055,-0.18454647256438972,-0.10367170626349886,-0.1662838768948094
,XRP,VET,QTUM,ALGO,LINK
0,-0.13880906478483868,-0.12791755077296152,-0.1302345058626465,-0.22478898267436698,0.012165450121654375
,BAT,NEO,BNB,ZRX,LINK
0,0.022862368541380906,0.04987735077677846,0.051816239316239354,0.0816673755848576,0.2865168539325842
,TRX,ZIL,ZRX,ICX,LINK
0,0.04585537918871241,0.020033388981636202,0.07998359310910574,0.054386532858530234,0.17766497461928932
,TRX,BAT,ICX,ZRX,LINK
0,0.0455873758036236,0.08824895494658613,0.2899543378995435,0.16077441077441068,0.13221153846153832
,BAT,BNB,LINK,ZRX,ICX
0,0.14990512333965844,0.10909090909090913,0.15270935960591148,0.24038461538461542,0.2979230507320394
,LINK,ALGO,ZIL,ZRX,ICX
0,0.12694300518134716,0.05394449641409427,0.17576791808873726,0.1426086956521737,0.22388579387186613
,QTUM,LINK,ZRX,ZIL,ICX
0,-0.1330275229357799,-0.044811320754717054,-0.10219560878243517,-0.07890499194847023,-0.08016476552598217
,VET,ATOM,ZRX,ZIL,ADA
0,0.06687898089171984,-0.005094614264919972,0.06846361185983829,0.18924731182795718,0.14213685474189686
,ETH,NEO,XLM,ADA,ZIL
0,0.09180783687760652,0.06917418130042696,0.17727051966974283,0.20577788302154865,0.24217118997912324
,TRX,ZRX,XLM,ADA,ZIL
0,0.1473684210526316,0.0785498489425982,0.2185280826339573,0.10820814282603974,0.2248520710059172
,ADA,XRP,TRX,XLM,ZIL
0,0.054408602150537666,0.11058787786723379,0.10123966942148765,0.08437314319667255,0.20477137176938376
,NEO,XLM,TRX,XRP,ZIL
0,0.06266226103375039,0.06958424507658645,0.06143790849673203,0.016122268300638565,0.4257028112449799
,TRX,NEO,XLM,LTC,ZIL
0,-0.01912399753238725,-0.012263946168873385,0.0005545542769997969,0.041035769146368084,0.541899441340782
,NEO,XLM,IOTA,LTC,ZIL
0,0.028661346521299258,0.031115720847533,0.0067988668555241105,-0.03112342784054556,0.2766726943942135
,NEO,ADA,XLM,ZRX,ZIL
0,0.0976584174897348,0.0054988216810683,-0.009075907590759158,0.3981264637002342,0.19159663865546217
,IOTA,VET,NEO,ZIL,ZRX
0,0.05593308938839536,0.058706247230837505,0.2287262872628728,0.13043478260869557,0.8408029878618113
,VET,ZIL,BAT,NEO,ZRX
0,0.049157627509808455,0.1831683168316831,0.17866811044937747,0.21369500496195815,1.060106640814348
,LINK,BAT,ZIL,NEO,ZRX
0,0.002666666666666595,0.0520107238605898,-0.03521126760563387,0.08051082731815651,0.947058823529412
,LINK,IOTA,BAT,NEO,ZRX
0,-0.021739130434782594,-0.05756929637526642,-0.006993006993007089,0.05790572464564314,0.6818401937046006
,ADA,LINK,BAT,NEO,ZRX
0,0.02982635342185902,0.027855153203342642,0.16386083052749711,0.09276660839160833,0.6969552806850619
,IOTA,ZIL,NEO,BAT,ZRX
0,0.04281842818428183,0.3300423131170662,0.03862096855727426,0.09583107742284791,0.1641541038525962
,NEO,IOTA,BAT,ZRX,ZIL
0,-0.101543890604323,0.03564356435643545,-0.12033377250768562,-0.13162566573674872,0.49002849002849014
,ADA,LTC,LINK,IOTA,ZIL
0,-0.02349970868129736,-0.02477125641597855,-0.08955223880596996,0.004050632911392293,0.4002789400278941
,VET,LTC,ADA,IOTA,ZIL
0,0.06583672492219295,-0.03578528827037786,0.07006503041745349,0.06945198046663048,0.5897810218978101
,VET,ETH,IOTA,ADA,ZIL
0,0.07767226686145601,0.11127214170692423,0.12782805429864252,0.0737018425460636,0.5049786628733999
,BAT,ETH,IOTA,ZEC,ZIL
0,0.011571841851494735,0.13218481639534274,0.09844002151694453,0.139606541834558,0.30577427821522307
,ICX,IOTA,ETH,ZEC,ZIL
0,0.0943952802359882,0.05093555093555091,0.07459172427612448,0.13966480446927365,0.03923647932131491
,QTUM,ETH,ICX,ADA,ZEC
0,0.025390625,0.034523516375277064,0.27001862197392934,0.11531672877034715,0.1201388888888888
,ATOM,LINK,ADA,ZEC,ICX
0,0.018646128901499637,0.043715846994535346,0.03560063643595868,0.09863864342010986,0.14344109996283905
,BNB,ADA,LINK,ZEC,ICX
0,0.03362391033623924,0.09292295628308178,0.07978723404255317,0.12132612273689158,0.19412844036697252
,LINK,ADA,ZEC,QTUM,ICX
0,0.039682539682539764,0.07078783151326062,0.014270270270270169,0.07950872656755004,0.15198555956678694
,LINK,VET,ADA,QTUM,ICX
0,-0.02570694087403602,-0.003565856919991006,-0.053397164426440824,-0.010132995566814462,0.06038394415357784
,ALGO,QTUM,ZIL,VET,ICX
0,0.05378486055776888,0.04614412136536017,0.2693877551020407,0.11689457432730488,0.12028301886792447
,QTUM,ALGO,VET,ICX,ZIL
0,0.053333333333333455,0.04543280726924914,0.07668508287292797,-0.0005865102639297515,0.285862785862786
,LTC,ALGO,QTUM,VET,ZIL
0,0.09929653679653683,0.15183246073298418,0.0915163660654641,0.15553457635119194,0.2581967213114753
,ICX,LTC,ALGO,VET,ZIL
0,0.08512599877074378,-0.011274509803921418,0.11056751467710368,0.1870286576168929,0.23529411764705865
,ICX,ALGO,ADA,VET,ZIL
0,0.0943277969288625,0.13257199602780534,0.17865598251684567,0.2035148622260794,0.2670050761421321
,ICX,ALGO,ADA,VET,ZIL
0,0.1767610269914417,0.23076923076923084,0.49523439019645976,0.39252963542831565,0.3572874493927125
,ETH,ALGO,ZIL,VET,ADA
0,0.13641040717330588,0.10207939508506603,0.182475884244373,0.23222748815165883,0.3751391465677181
,ZEC,ETH,ZIL,VET,ADA
0,0.21922390722569118,0.23435711085668776,0.31851253031527893,0.3663793103448276,0.5111111111111113
,ETH,NEO,ZIL,VET,ADA
0,0.14223972339608149,0.21277233659804118,0.48452768729641704,0.48059640522875813,0.42997097242380256
,XLM,NEO,ADA,VET,ZIL
0,0.1991304347826086,0.1883278940295643,0.3163076923076922,0.2886186240697042,0.4535916061339791
,XLM,IOTA,VET,ADA,ZIL
0,0.21086026265309132,0.23856858846918505,0.21362898864250957,0.37237330037082805,0.31490384615384626
,XLM,VET,IOTA,ZIL,ADA
0,0.0886651958080531,0.07677481529071639,0.1019195612431445,0.3385533184190903,0.10797450240666073
,ATOM,IOTA,ADA,BAT,ZIL
0,0.12023460410557174,0.10782529572338495,0.16230437128980024,0.12068149550402274,0.43847722637661457
,BAT,XLM,ADA,VET,ZIL
0,0.04919499105545633,0.04177683765203599,0.06932773109243695,0.08757698663061442,0.36787247087676267
,ATOM,TRX,ADA,VET,ZIL
0,0.14125316914161523,0.09584859584859595,0.0966759705658462,0.07380328321147744,0.17059791552386194
,TRX,ADA,ATOM,ZIL,BAT
0,0.03666469544648132,-0.03143992519869099,0.0729776247848537,0.3570238756246529,0.11843276936776492
,ZRX,ATOM,BAT,VET,ZIL
0,0.18780637254901955,0.0016082341588934401,0.035581299131154376,0.33823529411764697,0.6648385131017671
,ICX,LTC,ZRX,VET,ZIL
0,-0.04602137767220904,0.11364728495915433,0.04457605985037416,0.30698090692124125,0.39777158774373267
,ALGO,ZRX,LTC,VET,ZIL
0,-0.02359882005899716,0.09581022797288985,0.15013948769972107,0.32777246000273474,0.2263705103969753
,ETH,ZRX,LTC,ZIL,VET
0,-0.026374974442854304,0.11801242236024834,0.06115193173737876,0.017480950246526294,0.3255524861878454
,ICX,ZIL,LTC,ZRX,VET
0,-0.03850746268656724,0.07310215557638222,0.14656381486676007,0.11650485436893199,0.10996916752312424
,ALGO,ZIL,VET,ZRX,LTC
0,-0.06314486174164247,0.026186579378068897,0.1046326854907711,-0.013191855463148827,0.1412090447623442
,ZRX,ZEC,ZIL,VET,LTC
0,-0.11632705700283719,-0.040934613294692945,-0.07942898975109813,0.006327006327006224,0.12076872679624384
,ETH,ALGO,ZEC,VET,LTC
0,0.014758225540411507,0.057958477508650574,0.060332732010422996,0.028532298561972036,0.06990291262135928
,LINK,ALGO,ZEC,LTC,ADA
0,0.014705882352941124,0.03711696158826072,0.007556675062972307,0.29018743109151046,0.028686462003019608
,ZEC,LINK,ADA,ALGO,LTC
0,-0.02651013065707264,-0.0024330900243311193,0.011130786744244725,-0.012361466325660708,0.2999776636140272
,ZEC,ALGO,LINK,ADA,LTC
0,0.005870841487279899,-0.011154011154011156,0.060913705583756306,0.04054407533350779,0.17594291539245677
,ZEC,BAT,ADA,LINK,LTC
0,-0.03237547892720316,0.0894784172661871,0.002301201738685643,0.0636132315521627,0.23534169025475138
,ALGO,QTUM,LINK,BAT,LTC
0,0.02460755197284681,0.05936599423631117,0.10864197530864206,0.0862222222222222,0.15588464536243185
,IOTA,QTUM,BAT,LINK,LTC
0,0.017348754448398562,0.05029239766081872,0.1542244076888688,0.15384615384615374,0.1635410364992942
,ZRX,ZEC,LINK,BAT,LTC
0,0.038054968287526414,0.06000000000000005,0.13768115942029002,0.1387362637362637,-0.02256024611177576
,VET,ZRX,ZEC,LINK,BAT
0,0.05990453460620504,0.01391409558378709,0.08792063800816963,0.173170731707317,0.24299494717501147
,QTUM,VET,ZEC,LINK,BAT
0,-0.0011904761904761862,0.07744188847404576,0.08365758754863828,0.12200956937799057,0.1780762564991334
,ADA,VET,ZEC,LINK,BAT
0,-0.01301020408163256,-0.0009274287039182649,0.03425064343694317,0.055023923444976086,0.11803549319025985
,ADA,VET,ZEC,LINK,BAT
0,-0.039464243004066035,-0.06335524189203745,-0.029329348029142555,0.020044543429843964,0.08142389525368232
,ADA,TRX,ZEC,LINK,BAT
0,0.013529838125150961,-0.01878787878787891,-0.10010302197802212,-0.03749999999999998,0.01355538342370255
,LINK,VET,TRX,ADA,BAT
0,-0.03184713375796189,-0.01702459107599874,0.0282663316582914,0.006781302978929649,0.010052271813429714
,LTC,ADA,BAT,IOTA,TRX
0,0.01719645648775403,0.18796716088714605,-0.05247597930524761,0.04630049931911029,0.060377358490566024
,LTC,IOTA,TRX,VET,ADA
0,0.03753856702091185,0.06604651162790698,0.046085858585858785,0.06818689917281451,0.15318779459191267
,TRX,ICX,IOTA,VET,ADA
0,0.07577720207253891,0.20333569907735982,0.11029049729197449,0.1876305407287071,0.24786766606358235
,IOTA,ZRX,VET,ICX,ADA
0,0.1522259454284347,0.16892911010558076,0.4413896238352697,0.16759388038942968,0.24439741035856577
,ICX,ZRX,ADA,LTC,VET
0,0.16666666666666674,0.21156069364161856,0.17103694874851016,0.2779342723004694,0.6492116469098861
,ICX,ADA,ZRX,LTC,VET
0,0.21628147637116268,0.2642530671157084,0.19438638399522268,0.2574679943100995,0.633122028526149
,ZRX,ICX,LTC,ADA,VET
0,0.21422195775066943,0.31749749079959844,0.1960382513661203,0.21361526560082522,0.8369726521093919
,ZRX,LINK,ATOM,ICX,VET
0,0.2993612078977934,0.35416666666666674,0.33659270402406927,0.24309045226130643,1.0903097530347425
,ZRX,ATOM,LINK,ADA,VET
0,0.11598005772763065,0.40817843866171,0.2854122621564481,0.2842792046396021,0.7817293600390816
,LINK,QTUM,XLM,ATOM,VET
0,0.27385892116182564,0.20117994100294978,0.3077488604616969,0.4580043072505384,0.36711891460494805
,QTUM,LINK,XLM,VET,ATOM
0,0.1660123387549075,0.2815126050420167,0.3999999999999999,0.29337055129099765,0.33265375467210334
,LINK,VET,ALGO,ATOM,XLM
0,0.37126865671641784,0.25840438067512306,0.22008733624454146,0.3310162197947699,0.33119598550320606
,ALGO,VET,ATOM,XLM,LINK
0,0.13954486904250762,0.065147143681477,0.1911357340720221,0.22716755138151634,0.25349650349650354
,ALGO,ATOM,QTUM,XLM,LINK
0,0.1029173419773095,0.1139561057962859,0.16245666171371953,0.07870695713281806,0.25076923076923086
,ALGO,LTC,ATOM,QTUM,LINK
0,0.1935350186489846,0.0867968864737847,0.06916578669482587,0.07558685446009394,0.42105263157894735
,ZEC,QTUM,LTC,ALGO,LINK
0,0.054574638844301804,0.13408644400785863,0.05373381096720875,0.41463414634146356,0.3631921824104234
,ADA,QTUM,XLM,LINK,ALGO
0,-0.02387606803481601,0.15247715247715243,0.10348121417957978,0.35409836065573774,0.23979957050823186
,LTC,XLM,QTUM,ALGO,LINK
0,0.08534123031363561,0.05560209424083773,0.15599022004889984,0.2734430923407303,0.08435374149659869
,ATOM,LINK,LTC,QTUM,ALGO
0,0.08501291989664073,0.12831241283124117,0.08467058056099153,0.061003163126976956,0.46533534287867373
,LTC,ATOM,XLM,LINK,ALGO
0,-0.0035060381768602378,-0.019701944935589855,0.024321389793702464,-0.1082410824108242,0.3170462894930197
,LTC,ZRX,IOTA,XLM,ALGO
0,0.010675675675675844,0.02797741273100618,0.08153281695882586,0.019711742263671006,0.20243055555555567
,ICX,ZRX,ETH,IOTA,ALGO
0,0.0747201249674565,-0.0012503125781445634,0.1302114544987587,0.15499378367177785,-0.022046353872244295
,ICX,NEO,ZEC,ETH,IOTA
0,0.04425684318239953,0.07931262392597493,0.06740628677088578,0.1832989513494927,0.1596847781003734
,NEO,ZIL,BNB,IOTA,ETH
0,0.05149359886201976,0.02960893854748603,0.11967308814944544,0.11902766135792131,0.18472310630171873
,NEO,ZEC,IOTA,BNB,ETH
0,0.09066140548665924,0.1246788833704402,0.11088709677419373,0.09938922820655183,0.2783311014395715
,BCH,IOTA,ZEC,ADA,ETH
0,0.11092157830946703,0.07516993202718902,0.16000701016473884,0.25834678447030845,0.3181779661016948
,NEO,BNB,ZEC,ADA,ETH
0,0.0388948497854078,0.11738148984198649,0.13431639685847085,0.12710143750507585,0.3098195739828127
,XRP,ADA,ZEC,BCH,ETH
0,0.13147938878789378,0.20311617017841277,0.09943977591036424,0.20591424758091437,0.19996970156036942
,BNB,XRP,ETH,ADA,BCH
0,0.056503198294242996,0.16747444695042946,0.15174517851305724,0.11893067074643704,0.20545187670371146
,ADA,ZEC,ETH,XRP,BCH
0,0.15186551865518672,0.11807649579431834,0.19929794397879497,0.19696003922530037,0.24077777305024894
,IOTA,ADA,XRP,ETH,BCH
0,0.08638838475499089,-0.033082602033709496,0.209051925048942,0.13408845385798918,0.19820609926250743
,IOTA,ETH,ZEC,BCH,XRP
0,0.16846411305317965,0.24404513163393227,0.3473334340534826,0.2914174882818814,0.3515886287625418
,IOTA,ETH,BCH,ZEC,XRP
0,0.061464850938535154,0.15792910447761188,0.05704385409292456,0.1910414017238944,0.28431897243778437
,ATOM,ETH,LINK,ZEC,XRP
0,0.026926153025859767,0.2175230400201995,0.26970954356846466,0.16418966737438057,0.34469581831603624
,IOTA,ZEC,ETH,LINK,XRP
0,0.07530647985989503,0.1813247982187587,0.2279965942417459,0.39660056657223786,0.2387685478235848
,VET,QTUM,ETH,XRP,LINK
0,0.08535951487149873,0.16898440792246094,0.19670270593154537,0.2393085367851875,0.2860998650472333
,QTUM,ETH,XRP,LINK,ZEC
0,0.14049586776859502,0.13956643477758846,0.16847218474112347,0.3076923076923077,0.2913606623047136
,QTUM,VET,XRP,ZEC,LINK
0,-0.0045214770158251705,0.077940072744068,0.01189126026738152,0.05875756896165063,0.21634615384615374
,ZEC,VET,ALGO,ZIL,LINK
0,0.15031439079368836,0.28514105809000534,0.4966865473823723,0.4708193041526376,0.5362318840579712
,ZEC,VET,ZIL,ALGO,LINK
0,0.11866261398176303,0.31383361304243573,0.43436073059360725,0.37221324717285964,0.5065359477124183
,VET,ATOM,ALGO,ZIL,LINK
0,0.14489501522679915,0.3641805936642555,0.43478260869565233,0.3550488599348536,0.3661257606490873
,IOTA,ZIL,ATOM,LINK,ALGO
0,0.2064896755162242,0.3278939316675167,0.18581081081081074,0.3609653725078701,0.30104321907600595
,ATOM,IOTA,ALGO,ZIL,LINK
0,0.41778523489932895,0.2200380469245402,0.4378779549202858,0.2705121829935355,0.6186274509803924
,IOTA,ZIL,ATOM,ALGO,LINK
0,0.18213166144200632,0.16109839816933635,0.5133250311332502,0.8024925494445951,0.6956521739130437
,IOTA,ICX,ATOM,LINK,ALGO
0,0.23028105167724378,0.3937784522003036,0.37545126353790614,0.33176100628930816,0.4095638698251052
,ZRX,LINK,ATOM,ICX,ALGO
0,0.13672677470897066,0.3853940708604484,0.1510614101592116,0.20445486518171174,0.4961149046385682
,ICX,IOTA,TRX,LINK,ALGO
0,0.18055861007257556,0.10409600834855226,0.3130232558139536,0.396436525612472,0.3427230046948355
,ICX,ZRX,TRX,ALGO,LINK
0,0.2006165520512211,0.26829268292682906,0.5107018417122946,0.3422680412371133,0.28064764841942935
,QTUM,ZRX,LINK,ALGO,TRX
0,0.17733285663210574,0.22412299696838467,-0.018776499091459842,0.06327662014911106,0.42496285289747404
,NEO,QTUM,ZRX,BAT,TRX
0,0.0884456671251721,0.15209790209790208,0.14117385504668745,0.1823595087458132,0.184257602862254
,NEO,ZRX,QTUM,BAT,TRX
0,0.2043475325727402,0.1329254727474971,0.3159083575346886,0.29494079655543604,0.11223662884927066
,TRX,ZRX,NEO,BAT,QTUM
0,-0.04039603960396043,0.39216867469879535,0.09330333509793531,0.37504560379423557,0.21712439418416785
,NEO,LTC,QTUM,BAT,ZRX
0,0.2241446094254358,0.038964504937283095,0.2485011990407675,0.22756706753006495,0.1934900542495479
,ZRX,ICX,NEO,BAT,QTUM
0,0.28525641025641035,0.21133715188623348,0.09749168933212449,0.2725260828327536,0.16344463971880496
,QTUM,ICX,BAT,ZRX,ATOM
0,0.16003644093531721,0.23550797818622504,0.13382899628252787,0.2920573147001593,0.4098952070091051
,BAT,QTUM,ICX,ZRX,ATOM
0,0.08593012275731815,0.05675265553869502,0.2709478777215746,0.26319890902006615,0.48283185840707965
,NEO,BAT,ZRX,ICX,ATOM
0,-0.02886771300448432,-0.02881684677195906,0.07756504663721153,0.1815833179553421,0.22391615054787994
,ZIL,ZRX,LTC,ICX,ATOM
0,-0.04068117313150421,-0.12245781047165727,0.1685393258426966,0.044360632183908066,0.2992505353319057
,BNB,LINK,NEO,LTC,ATOM
0,0.03873873873873879,-0.04536862003780706,-0.03596667018247013,0.006164911379398896,0.17500000000000004
,ZEC,ETH,LTC,BNB,ATOM
0,-0.06787491115849331,0.020531462802723777,0.06066176470588247,0.05084745762711873,-0.1439331528774862
,ICX,BNB,LTC,LINK,NEO
0,0.0047408860552558,0.04557522123893798,-0.008087659796503943,0.08784676354029042,0.14507026668142076
,BNB,ETH,TRX,LINK,NEO
0,0.08130841121495336,0.13225621215285033,0.2707879843273835,0.10410764872521261,0.20104576699371357
,LTC,LINK,ETH,NEO,TRX
0,-0.0467505779604418,0.058629776021080326,0.23408613581559345,0.24196248196248193,0.4659907055344319
,ZEC,BNB,ETH,NEO,TRX
0,0.05490848585690511,0.06880138468195596,0.14749732368991353,0.15118912797281991,0.5015197568389058
,BNB,ADA,ETH,NEO,TRX
0,-0.11882046834345183,-0.13258303595937415,-0.03417634996582364,-0.029157549234135716,0.6925647451963242
,XRP,ETH,NEO,LTC,TRX
0,-0.07251880522894905,-0.03256070640176589,-0.10702135702135707,-0.02921515226541227,0.42794058610999586
,BNB,XRP,ETH,LTC,TRX
0,-0.17604739737621666,-0.16097681651116758,-0.22029714498626063,0.04944765912677518,0.1074074074074074
,NEO,BNB,XRP,LTC,TRX
0,-0.16103311647018548,0.0017286084701815252,-0.14678050515830676,0.04249291784702547,0.07639602603631368
,NEO,XRP,BNB,LTC,TRX
0,-0.1536459543616676,-0.18115991067199033,-0.09182847896440127,0.09700889248181088,-0.06541786743515854
,XRP,NEO,BNB,TRX,LTC
0,-0.14362241204575077,-0.1595179537629119,-0.05951417004048576,0.016483516483516425,0.03676092544987153
,BCH,XRP,BNB,TRX,LTC
0,0.047367436640793015,-0.022262236045179296,0.2057086614173229,-0.16189536031589347,0.15225179119754362
,ZEC,ATOM,LTC,ALGO,BNB
0,0.039738430583500906,-0.027031963470319553,0.14231063504208108,0.10454545454545472,0.1713603818615752
,ZEC,ZIL,ALGO,LTC,BNB
0,0.13700843957622566,0.1531772575250836,0.2052785923753664,0.16666666666666674,0.30508474576271194
,NEO,QTUM,ALGO,ZRX,BNB
0,0.26668998892192874,0.17698019801980203,0.08863454884216138,0.1209554831704669,0.22993960310612604
,LTC,ZIL,QTUM,BNB,NEO
0,0.03807418324735923,0.08877284595300261,0.0987551867219918,0.3884187082405346,0.11432650595793747
,ZIL,QTUM,NEO,ICX,BNB
0,0.07920154539600777,0.11784654514624848,0.2887575349681044,0.27557100297914605,0.33921653034868693
,QTUM,ETH,ICX,NEO,BNB
0,0.009832036050798854,0.036881977671451294,0.22232893157262912,0.1731281101724338,0.1065306122448979
,ETH,BCH,BNB,NEO,ICX
0,-0.008939245734159385,0.01354024706554724,0.13365933170334143,0.13488926192667994,0.08881072763244657
,BCH,XRP,ICX,BNB,NEO
0,0.03423623445825941,0.03967664769446522,0.0492973455275485,0.06493506493506485,0.17189806159598553
,XRP,ETH,ICX,BNB,NEO
0,0.012645442792501571,-0.0087162824281809,-0.03353658536585369,-0.02911259207295691,0.16423475258918296
,ETH,XRP,BCH,VET,NEO
0,0.05329359328429639,0.03797834531779487,0.049788421716034925,0.1922236102435979,0.20824914995318577
,XRP,BCH,ETH,VET,NEO
0,0.0029293299157817643,0.002170350356557549,-0.016731631002572023,0.12646005295125384,0.07075064710957712
,LTC,BCH,XRP,NEO,VET
0,0.049488460623364317,-0.09714723013477311,-0.05140743784672286,-0.010851336687383029,0.002545946376004471
,ETH,XRP,NEO,VET,LTC
0,-0.056367374914324864,-0.0552627311060655,-0.03545185609313861,-0.007794921247187392,0.024502668607472078
,BCH,QTUM,NEO,VET,LTC
0,-0.1086256493924691,-0.1543257989088075,-0.1754827875734677,-0.15915315715448963,-0.02305265712205784
,ZEC,XRP,TRX,BCH,LTC
0,-0.04835924006908454,-0.07169359664871333,-0.09638554216867468,-0.07603863908360409,0.03492225337751731
,BAT,XRP,ZEC,LINK,LTC
0,-0.042868920032976154,-0.03838037982243103,-0.05416594790408835,0.057255676209279294,-0.017391304347825987
,ATOM,TRX,LTC,LINK,ADA
0,-0.014784658238697235,0.009276437847866248,0.018729255571360737,0.056468172484599455,0.06897323927891619
,TRX,LTC,ZIL,LINK,ADA
0,0.06789875451988747,0.008388120607571992,0.1272727272727272,0.23738532110091715,0.2716545317599801
,ZIL,BNB,ATOM,LINK,ADA
0,0.06784452296819787,0.12271214642262884,0.1477434679334917,0.17620137299771166,0.232383992143383
,IOTA,BNB,ATOM,LINK,ADA
0,0.1809564842740199,0.2621657167908813,0.3805678562125554,0.33114323258869915,0.3200156678417547
,BNB,ALGO,ADA,LINK,ATOM
0,0.1908055329536209,0.17829193603266424,0.22828062522719006,0.0,0.19875083649341962
,ALGO,BNB,ATOM,ADA,ZIL
0,0.056449069694102905,0.11385737439222043,0.07189132706374068,0.011660303374264824,0.21943573667711602
,ATOM,LTC,BNB,ZEC,ZIL
0,0.06698564593301426,0.1347451710495695,0.041984732824427606,0.13632318917956932,0.10416666666666674
,BNB,ATOM,ZIL,LTC,ZEC
0,0.07472359893252012,0.06009310198899698,0.1980645161290322,0.04226618705035978,0.09342934293429361
,LTC,ATOM,BNB,ZEC,ZIL
0,0.06085192697768771,0.10120033112582782,0.07521304186735822,0.12275395837039671,0.4090006618133686
,LTC,BNB,ATOM,ZEC,ZIL
0,0.10536957986969231,-0.007641542202153517,0.012452830188679265,0.07343342036553535,0.1848883800801373
,ATOM,XRP,ZEC,LTC,ZIL
0,-0.11871976181615185,0.016137708445400856,-0.04191990026492143,0.08160971223021596,-0.06864754098360648
,BCH,XLM,TRX,XRP,LTC
0,-0.020707203650083383,-0.011348099535138045,-0.012001548586914379,0.043825035681303026,0.027346313716910986
,TRX,XLM,BNB,LTC,XRP
0,-0.006949806949806958,0.03086245772266083,0.014285714285714235,-0.044298605414273884,0.07406140425895846
,LINK,ADA,BCH,ZIL,XRP
0,0.12081984897518883,0.0861828706185015,0.0851141719672357,0.08562197092084012,0.08699948444749972
,BCH,ZIL,ADA,XRP,LINK
0,0.074157913799348,-0.07374354156881158,0.08411697840239762,0.024405986526281787,0.12034078807241744
,ZEC,XLM,BCH,ADA,LINK
0,0.10170264518090599,0.05213593558072893,0.07842164599774515,0.09234557767289142,0.127858627858628
,BCH,ADA,ZEC,LINK,ATOM
0,0.09151755224696068,0.17890204520990327,0.1873780091086532,0.3021664766248575,0.26055743243243246
,ADA,ZEC,ALGO,ATOM,LINK
0,0.16609771708982302,0.13860903477413045,0.11624877889938134,0.22979332924084317,0.22358175750834253
,ZEC,ADA,ZRX,LINK,ATOM
0,0.10953379577351186,0.11249740070700764,0.050815217391304346,0.14150943396226423,0.13633657471720584
,ZEC,ADA,BNB,ATOM,LINK
0,0.07430730478589398,0.05279778940096702,0.10288935870331217,0.11910766246362758,0.03464870067372461
,ADA,ZEC,BNB,BCH,ATOM
0,-0.007339624439996251,-0.06347305389221547,0.05743481324876676,0.0542021411110174,-0.024394651246837706
,ADA,LINK,XLM,BCH,BNB
0,-0.004508735675371023,-0.02027649769585238,0.06187572966662347,0.023500878146692328,0.059957924263674744
,ZRX,ADA,BCH,BNB,XLM
0,-0.01694486595852296,-0.019631117604090642,0.04025361865431942,0.0,0.024104150554266734
,ZRX,BNB,VET,XLM,BCH
0,-0.06862745098039214,-0.026358607224210795,-0.007664170005225568,0.11354112100576219,-0.014012789137128001
,ETH,ADA,NEO,LTC,XLM
0,-0.026934248745708933,-0.044112149532710254,-0.0007075471698113622,0.05075775799855653,0.09165878058672439
,ETH,XRP,NEO,LTC,XLM
0,0.03525734417631332,0.021710847292242708,0.06455358179496118,0.0744428639165482,0.12970711297071125
,ETH,VET,NEO,LTC,XLM
0,0.13245758073344294,0.14864864864864868,0.09582280712061575,0.058360352014821704,0.08494991758590076
,XLM,NEO,LINK,ETH,VET
0,0.02223308086977771,0.054847903216425076,0.14393226716839136,0.11185317912797976,0.11194029850746268
,ZIL,BCH,ETH,VET,LINK
0,0.05588714053174182,0.10602293688347109,0.08957038995373434,0.05588033012379645,0.15981735159817356
,XRP,XLM,ETH,BCH,LINK
0,0.030744797817322977,-0.023285899094437235,0.07012685602763935,0.08523159453941309,0.11365719523373063
,VET,TRX,ETH,BCH,LINK
0,0.05491141823578505,0.03162360200539904,0.06640434192673017,0.0785144566301097,0.18864097363083188
,VET,ETH,BCH,BNB,LINK
0,0.0020257178087017547,0.032188731385292435,0.021742488607399357,0.05884330867518495,0.10360777058279358
,TRX,BCH,ETH,BNB,LINK
0,-0.007382798080472486,-0.00018637244669728048,-0.06155147414209772,-0.01044045676998373,-0.04264214046822756
,XRP,LINK,BNB,TRX,BCH
0,-0.04828831658291455,-0.07236842105263164,-0.02513875285667644,-0.005245410266017103,-0.011019894978182121
,XRP,LTC,BNB,BCH,TRX
0,-0.06736924277907874,0.026463700234191867,-0.07016971279373374,-0.050467696323689415,-0.05358462675535847
,BNB,XRP,TRX,BCH,LTC
0,-0.05439469320066326,-0.053097345132743445,-0.04521868050407707,-0.03338497860410217,0.011530635315396998
,XRP,ETH,TRX,BCH,LTC
0,-0.03268843208383709,0.009415477008422934,-0.03813084112149534,0.03239349818966164,0.014132664691133057
,ZIL,LINK,ETH,LTC,BCH
0,-0.07634408602150522,-0.09639564124056998,-0.05022310361923643,0.13059966816781232,-0.0274029557395018
,ZIL,XRP,ETH,BCH,LTC
0,-0.01634723788049597,-0.024394217063734458,-0.0011330569361109877,-0.08973642023636441,0.06095858538855303
,ZRX,XRP,ZIL,ETH,LTC
0,-0.05852644087938208,-0.02004785083738969,0.0,0.038890610474124676,0.14147149278448068
,XRP,ZIL,ADA,ETH,LTC
0,0.02804051226249271,0.07833047455688957,0.045444801714898286,0.08907422416272315,0.050878393794205
,XLM,LTC,ZRX,ZIL,ETH
0,0.0784565916398714,0.05386678587393834,0.1708605156881018,0.15792442188381273,0.17883107810923393
,ICX,ZIL,ZRX,ADA,ETH
0,-0.003561887800534236,0.03461753210496954,0.03284023668639047,0.03062989722193965,0.09746136587087495
,ZRX,ZIL,XRP,LTC,ETH
0,0.11591116519622768,0.12165308498253768,0.07845970758245513,-0.018658280922431825,0.1863809573524038
,ZRX,ZIL,ADA,LINK,ETH
0,0.08753071253071254,0.1100286532951289,0.12399871835950016,0.20211742059672755,0.1453762664672975
,ADA,ETH,ATOM,VET,LINK
0,0.11065702609242378,0.11943823017648514,0.16009122006841503,0.2329962746141565,0.24474187380497114
,ATOM,ALGO,ZRX,VET,LINK
0,0.11767317939609234,0.12132204756146714,0.050662061024755234,0.16738727609635573,0.16484517304189428
,ATOM,ALGO,ICX,LINK,VET
0,0.03135245901639361,-0.03867003975424643,0.011360487669714647,0.020559210526315708,-0.047491279849745105
,ICX,ETH,LINK,ZEC,ATOM
0,0.11408996127494797,0.09438816529988747,0.09438775510204067,0.14878772021629172,0.127922077922078
,ZRX,ICX,ATOM,VET,ZEC
0,0.020174482006543037,0.0028473804100228595,0.0490746516947389,0.011505617977528138,0.05463849455265768
,ZRX,ZIL,ATOM,ZEC,XRP
0,0.014402711098559617,0.029426948890036275,-0.03286658887592386,0.04763536668951329,0.07703064445243513
,ZRX,TRX,ZIL,ZEC,XRP
0,-0.04275045068246197,0.026580749093837897,0.08304498269896188,0.09170896785109983,0.1344759653270291
,QTUM,XLM,ZIL,ZEC,XRP
0,0.07146329606222657,0.07588008458763529,0.1309935739001482,0.13408010862185993,0.18212736015011144
,XLM,VET,ZIL,ZEC,XRP
0,0.037717121588089375,0.10582159624413134,0.13156526261050439,0.004768717215069218,0.15161746231155782
,TRX,LINK,VET,ZIL,XRP
0,0.014960629921259905,0.05827505827505819,-0.025489033787789106,0.04148148148148145,0.14227106778576548
,XLM,ZIL,LINK,QTUM,XRP
0,0.09488510007412909,0.1166832174776562,0.12440191387559807,0.1568627450980391,0.23017826508540318
,ZIL,LINK,ADA,QTUM,XRP
0,0.1890672016048145,0.2747524752475248,0.32780041745353317,0.36198179979777545,0.7199985161553588
,VET,ADA,QTUM,XLM,XRP
0,0.22706422018348627,0.401944738615577,0.23444283646888575,0.2643455052772048,0.5488139478345431
,QTUM,IOTA,XLM,ADA,XRP
0,0.2676950998185117,0.3615819209039546,0.5272285813388833,0.41079747876130446,1.03776455026455
,VET,IOTA,ADA,XLM,XRP
0,0.37080750615606695,0.49339035769828943,0.5669764385619074,1.3414634146341462,1.358355491920638
,QTUM,IOTA,ADA,XLM,XRP
0,0.3004444444444445,0.40378548895899047,0.4653446647780928,1.3075824306630164,1.084516788032555
,IOTA,VET,ADA,XRP,XLM
0,0.1432330827067667,0.21271474811187652,0.16989101968404152,0.6277208512702357,0.8920108327691267
,ZIL,ADA,VET,XRP,XLM
0,0.039223956136651195,0.05980986600793492,0.005822416302765587,0.20935599361601165,0.8902829929480722
,VET,ZIL,ADA,XRP,XLM
0,0.10352264557872037,0.18230088495575236,0.13239939568740544,0.4034533019396793,0.9180579543273844
,VET,ADA,ZIL,XRP,XLM
0,-0.05584674903282161,0.07744107744107742,0.19476268412438635,-0.017509980201875885,0.4690741161329395
,XRP,LTC,ADA,ZIL,XLM
0,-0.04047412546978901,-0.04511627906976734,0.030731444317977585,0.15837282780410744,0.0362540849673203
,VET,ETH,ADA,XLM,ZIL
0,-0.11435449894673488,0.027679230039692193,0.003930918932852245,-0.05282162385226452,-0.032917532917532855
,BNB,XRP,ZIL,ADA,ETH
0,0.07370659107016309,0.17443939506816664,0.20744474602559126,0.14623050259965353,0.15159041897720282
,IOTA,ADA,ETH,XRP,ZIL
0,0.11612284069097889,0.15899138296369553,0.18755181921601127,0.12432008274927342,0.36363636363636354
,ALGO,ADA,ETH,VET,ZIL
0,0.04257362355953909,-0.10424499696785916,0.05536338614892511,0.02136807817589581,0.10516467065868262
,BCH,VET,ALGO,ETH,ZIL
0,0.01648255304225854,0.1563016324102835,0.08683296495105797,0.036867800615042245,0.16609589041095885
,ETH,ICX,ALGO,VET,ZIL
0,-0.023998052896316624,-0.059171597633136175,0.02371541501976271,0.07208109122763107,0.206273440163655
,ETH,LTC,ALGO,VET,ZIL
0,0.01042485559011519,0.017395506160908347,0.07572310692232698,0.2316004077471967,0.273737011823719
,ZRX,LTC,ALGO,VET,ZIL
0,-0.11019929660023442,-0.005254358729400499,-0.11830161054172783,-0.0010974271430314042,0.006422607578676853
,BNB,ETH,LTC,VET,ZIL
0,-0.08306188925081437,-0.06872868972235746,0.0699708454810497,-0.03552336609760309,-0.0758928571428571
,XRP,ETH,XLM,VET,LTC
0,0.03356044313519946,-0.01635271106098779,-0.00501423795963829,0.016519964281158206,0.03853518429870739
,XLM,VET,XRP,LTC,ZIL
0,-0.12547285107373585,-0.1105395518975767,-0.06587174143291541,0.10458313018039989,-0.13568281938325977
,TRX,ETH,BNB,XRP,LTC
0,-0.07724628312863602,-0.05567654735582117,-0.04610169491525418,-0.18662056766101143,0.07701652089407207
,BNB,VET,ATOM,ZRX,LTC
0,-0.0078337874659401,-0.09170667108094688,0.018827221023730134,-0.02125030887076851,0.05153170268344809
,ETH,ADA,ATOM,XLM,LTC
0,0.05622005259934437,0.12056637168141604,0.10344099641123083,0.11292962356792158,0.07298919567827133
,LTC,BNB,ATOM,XLM,ADA
0,0.01589464123524076,0.04866785079928948,0.10074937552039964,-0.03530573137448467,0.039602622153139144
,BNB,ALGO,BCH,ATOM,ZIL
0,0.1052060737527114,0.15803814713896447,0.17465096150227666,0.17912371134020622,0.20220926664621053
,BCH,ATOM,ADA,ZIL,XLM
0,0.19946757205139076,0.1393669003611644,0.17320120637656178,0.28780156303092097,0.24129899514207764
,ADA,ETH,BCH,XLM,ZIL
0,0.14367895758247862,0.15083975916340986,0.17054495200388442,0.1657326364838485,0.3370992366412213
,XRP,XLM,BCH,BAT,ZIL
0,0.1220162247339649,0.029488488147896064,0.1516754211193625,0.14734866259971846,0.5248551387618177
,BNB,BAT,ALGO,BCH,ZIL
0,0.1411921411921413,0.06464924346629997,0.08405241291147325,0.2623140257113967,0.4038228155339805
,QTUM,XRP,BNB,BCH,ZIL
0,0.006189555125725388,0.0994035785288272,0.08943089430894302,0.08606401054128088,0.4126213592233008
,ETH,BCH,BNB,XRP,ZIL
0,0.00018829141234255609,0.03738706990453,0.09682695453058554,-0.21689785624211855,0.31138335885655954
,ALGO,ETH,BCH,BNB,ZIL
0,-0.1285370258880193,-0.08967285725386598,-0.11389880665187035,0.032097948378557284,0.517941952506596
,BCH,ETH,LTC,BNB,ZIL
0,-0.0532244168607805,-0.06331650604252725,0.010849492151431273,0.050387596899224896,0.3560173555606303
,ETH,BCH,LTC,BNB,ZIL
0,-0.04792128518934691,0.00371162556618021,0.06889997624138755,-0.003603603603603567,0.264
,ADA,BNB,BCH,LTC,ZIL
0,-0.022529473489290686,-0.020134228187919656,-0.07469390090399364,0.07257101933635712,0.8660038902096392
,BNB,ETH,VET,LTC,ZIL
0,0.04601990049751259,0.1251275300312653,0.06630154639175267,0.039104829210836245,0.5415403274711945
,BNB,VET,BCH,ETH,ZIL
0,0.0718759320011928,0.2674096461402846,0.1163645347580371,0.1452551652730496,0.7403659011288439
,ICX,ETH,LTC,VET,ZIL
0,0.3190045248868776,0.24950917626973967,0.14687649022412974,0.5912480228967387,0.464279506344516
,BCH,ICX,ADA,ZIL,VET
0,0.20963230089986862,0.24980174464710547,0.20207761662093282,0.302458740316605,0.35987646031959186
,LTC,ETH,ICX,ZIL,VET
0,0.23983107357190492,0.17374246435520413,0.15642042637580578,0.30648734177215187,0.2844225236333744
,ETH,LTC,VET,ZIL,ATOM
0,0.14500926827735694,0.2285777876697086,0.15757170636849782,-0.08628677322214495,0.21871101871101883
,ETH,VET,ATOM,LTC,ALGO
0,0.1326088864188142,0.20810925131427882,0.12000827643285739,0.28519610065744727,0.27742946708463934
,BNB,ADA,VET,ALGO,LTC
0,0.14691151919866452,0.16602426028794937,0.298822594266978,0.18937062937062943,0.1826688364524005
,BCH,LTC,ALGO,VET,ETH
0,0.15037871266063374,0.28170478170478175,0.28682842287694976,0.1661381171013394,0.42395135947533835
,ADA,XLM,LTC,ALGO,ETH
0,0.40540246752540887,0.467628083491461,0.06432858214553638,0.4265275707898659,0.4625966181968153
,VET,ADA,ALGO,ETH,XLM
0,0.64272,0.8337650884638703,0.5254995526394273,0.642072938746671,1.661780843392381
,LINK,ETH,VET,ADA,XLM
0,0.3513513513513513,0.6800751828122213,0.501548637723765,0.7012341446691808,1.3643939393939393
,NEO,VET,ETH,ADA,XLM
0,0.37092749202828235,0.36357725203821345,0.56994356994357,0.7154379829657624,1.3282891641837855
,ICX,XRP,ETH,ADA,XLM
0,0.41028806584362143,0.44326730469619413,0.30970888740565794,0.6039570268825045,1.2803175069822137
,IOTA,ICX,XRP,ADA,XLM
0,0.24534342258440045,0.21522862062368464,0.3372497455039023,0.3390445831673088,0.7352207001522069
,QTUM,BCH,NEO,ZEC,XLM
0,0.10834609494640124,0.14139917302038785,0.40308056872037934,0.4790619765494135,0.4013756723210591
,BCH,XRP,XLM,NEO,ZEC
0,-0.0034625733315689633,0.1758109248764017,-0.17306163314585232,0.13464788732394384,0.5543563272329111
,LTC,BCH,NEO,XRP,ZEC
0,0.011456344384655592,0.10630228667038488,0.11144607139439189,-0.05457975137609006,0.7308656540333285
,ICX,BCH,NEO,ZRX,ZEC
0,-0.04379562043795615,0.2094764805569549,0.1690347373211305,0.14383094751192904,0.6314331535209214
,IOTA,NEO,LINK,BCH,ZEC
0,0.0013895321908290459,0.10099353266472955,0.18507972665148076,-0.14536380077907618,0.31598371086790533
,ALGO,NEO,LINK,ATOM,ZEC
0,0.12442897541875153,-0.05493053609320575,0.24305983960518174,0.40570004672169424,0.12181215011403701
,ZEC,ALGO,ADA,LINK,ATOM
0,0.1577576443941111,0.4075227599425013,0.38192557162010354,0.5918088737201366,0.49466316710411196
,ZRX,ADA,ALGO,ATOM,LINK
0,0.367399438727783,0.2844087510384934,0.4212637913741224,0.6713985278654049,0.5783822476735863
,VET,ZRX,ALGO,LINK,ATOM
0,0.11599923356964936,0.06653504442250746,0.15796489668962455,0.2892095357590967,0.42598526113425184
,ALGO,ADA,ETH,LINK,ATOM
0,0.20109649122807016,0.2003963814212193,0.11642325709561874,0.21826280623608008,0.37569487337862895
,LINK,LTC,ICX,VET,ATOM
0,-0.11484863046612193,0.20341786108048487,0.14022200457068235,0.10458186984490303,-0.09459972176552423
,BAT,ADA,VET,ICX,LTC
0,0.18048780487804872,-0.0010560264862859992,0.16540178571428554,0.06961259079903126,0.08582939218777375
,IOTA,LINK,LTC,VET,BAT
0,0.03419784255221492,0.06303602058319036,0.10567101091933773,0.1051199058408121,0.20467836257309946
,ICX,VET,LTC,BAT,QTUM
0,0.021604938271605034,-0.004745035587766955,-0.013197460741730671,0.12628227803325087,0.07521989687594766
,ICX,QTUM,ETH,LINK,BAT
0,0.1630247268545142,0.04022806461830841,-0.03967201166180767,0.13625304136253047,0.12295081967213095
,QTUM,ALGO,BAT,LINK,ICX
0,0.060549891875192996,0.09731604893189716,0.07430007178750886,0.05621572212065806,0.11263393969598812
,LINK,QTUM,BAT,ALGO,ICX
0,0.1378935939196524,0.13659605551497456,0.24200164068908947,0.17353579175704992,0.1454545454545455
,LINK,ICX,ALGO,BAT,ZRX
0,0.0614602587800368,0.15265987549518956,0.09736945425991372,-0.028607755880483143,0.18930041152263377
,XLM,ALGO,QTUM,ICX,ZRX
0,0.08632000296504971,0.14398705734316009,-0.15641745343199798,0.10157858613589554,0.06618168914123501
,XLM,ICX,ETH,TRX,ALGO
0,0.21115905151749814,0.0055168790227242415,-0.00966298278938571,0.07304869913275502,0.18244927020291923
,TRX,ALGO,ZRX,XLM,XRP
0,0.06985418786029163,0.17245099802193842,0.3577875936239676,0.17588402239779066,0.8498168498168499
,TRX,ALGO,XLM,ZRX,XRP
0,0.11838534599728634,0.07171381031613988,0.23580218604295644,0.26473839351510686,0.3843603308248267
,ATOM,BNB,XLM,ZRX,XRP
0,0.2784719230216859,0.2442654953635921,0.4235877605917957,0.16912016432728505,0.4843020704511909
,ZIL,ATOM,ADA,XLM,XRP
0,0.21739795138358065,0.15958109961351452,0.28491685079660445,0.179935164647671,0.5039376041193397
,ETH,ZRX,ADA,ALGO,XRP
0,0.1578947368421053,0.7217507072724247,0.2648938007252635,0.1093651791326209,0.5700495049504952
,ETH,ADA,BNB,XRP,ZRX
0,0.24914088098749643,0.4804880729910961,0.5138516532618411,0.01863508178229001,1.4323124042879019
,ALGO,ADA,ATOM,BNB,ZRX
0,0.24079754601227,0.8380118315740637,0.4783889980353633,0.6370403789758627,1.0445544554455446
,IOTA,ATOM,BNB,ADA,ZRX
0,0.3417387127761766,0.4887979319258937,0.33048045127407133,0.623156450585526,1.053750910415149
,BNB,IOTA,ATOM,ADA,ZRX
0,0.5636399293979211,0.6821777570963237,0.5904291170523479,0.5982522492893889,1.1601756954612004
,BNB,ATOM,ADA,IOTA,ZRX
0,1.0646584804297774,0.6182130953660896,0.5971807403384921,0.6588702559576347,0.9744058500914077
,ADA,ATOM,IOTA,ZRX,BNB
0,1.1396587030716723,0.638221153846154,1.0090702947845807,0.45621496230427216,1.3016809728183119
,ATOM,IOTA,ADA,QTUM,BNB
0,0.4432135237157393,1.272990726429676,0.7248663498663501,0.9255125875940824,0.8305785123966942
,ICX,ADA,BNB,QTUM,IOTA
0,0.7297624818225883,0.4600990817582278,0.883285104037481,0.6608597285067874,1.1952736318407964
,BAT,VET,BNB,ALGO,IOTA
0,0.516715830875123,0.8792559033498077,0.9457602339181286,0.9799715572410526,1.3454447825308753
,BNB,ZIL,ICX,ALGO,IOTA
0,0.705631506333877,0.6707669135182628,0.733822311605347,0.4546624430805781,0.6455048409405255
,IOTA,ZIL,VET,BNB,ICX
0,0.6980579941473795,0.25800609988562706,0.4457299652060762,0.20806616485456741,0.8730732433294355
,VET,ZEC,ATOM,IOTA,ICX
0,0.38220481253497485,0.33745598213518835,0.6791169212299073,0.4148984198645598,0.40342755035737476
,VET,ICX,IOTA,BCH,ATOM
0,0.20119676170362544,0.4805781391147246,0.10709732256693583,0.3523325844393679,0.35475066810712463
,BNB,BCH,ATOM,ICX,LTC
0,0.4323553084071121,0.2218400389132098,0.09294613671893504,0.5669048619868293,3.7385033444816047
,IOTA,BCH,BNB,ICX,LTC
0,0.1348443223443223,0.07898960505197494,1.500037568562627,0.40492957746478875,3.858874281018899
,ATOM,IOTA,ICX,BNB,LTC
0,0.13366129369897406,0.16104900395057586,0.39792576419213965,0.8707993234796674,3.6410623084780385
,IOTA,ADA,ICX,BNB,LTC
0,0.10520131599561333,0.278139999767558,0.15868331441543693,1.2600000000000002,3.472834645669292
,TRX,ADA,NEO,BNB,LTC
0,0.04368745188606615,0.260394526717294,0.14554769455964878,1.0558032282859338,3.273007395234182
,XRP,NEO,ADA,BNB,LTC
0,-0.1085955056179776,-0.08878328785169853,0.08085497689857801,0.4011367759100255,-0.25089620851081784
,XRP,NEO,ZRX,ADA,BNB
0,-0.1155506134680262,-0.07406479245454956,-0.052431894514242905,0.14762941646332783,0.2988863914997957
,XRP,NEO,ZRX,ADA,BNB
0,-0.2255687165917849,-0.19649130143860816,-0.10570933144948935,0.16049342709312242,-0.29765876235987143
,ATOM,BAT,NEO,ZRX,ADA
0,-0.12796602345120478,-0.09125475285171092,-0.140628563608995,-0.1391661773341163,0.11270978911204588
,ZRX,ATOM,BNB,BAT,ADA
0,-0.22713556174558958,-0.11388824484117777,-0.2322668481960518,-0.1512951658142221,0.19704478290520555
,ZIL,BAT,XLM,ATOM,ADA
0,-0.12729637457324017,-0.022110739502043897,-0.12477845502096574,-0.17465079216274493,0.19584161303848457
,ZIL,XLM,ALGO,BAT,ADA
0,0.09867172675521818,0.11277553554796649,0.0845686996318773,0.22812172088142724,0.3447531696789856
,IOTA,XLM,ICX,BAT,ADA
0,-0.011356045424181782,0.033353906925070786,-0.008535784635587684,0.1726688728830057,0.16740558527120708
,ALGO,VET,XLM,ADA,BAT
0,0.20014237770771892,0.3455220464832427,0.10729783037475338,0.13045097035416764,0.5868661679135494
,ALGO,ATOM,LINK,VET,BAT
0,0.12051044561078528,-0.0020645844362097154,0.10019880715705787,0.26909954762566657,0.3149486496766831
,IOTA,TRX,VET,ICX,BAT
0,0.1583623693379792,0.07937190793719084,0.27516860821581846,0.21916191225654136,0.3195956454121307
,IOTA,ICX,QTUM,VET,BAT
0,0.14163548904329248,0.32204973408078197,0.30758107828960957,0.3443797129958892,0.26258787763632907
,ETH,BAT,QTUM,ICX,VET
0,0.10090445859872621,0.18796992481203012,0.20360531309297913,0.17024842861418743,0.23693989071038257
,ETH,ICX,BAT,QTUM,VET
0,0.2287453604580143,0.13732691149909693,0.23157370517928277,0.2142169138894241,0.49203087180892346
,ICX,QTUM,ETH,BAT,VET
0,0.1140301530153014,0.22425373134328352,0.1891702678793048,-0.021870089051859498,0.2179952375552785
,IOTA,ETH,BNB,VET,QTUM
0,0.02835598146257179,0.16585311953618076,0.21078751469243828,0.22235497938944992,0.09837799717912565
,ZEC,ETH,BAT,BNB,VET
0,0.2528906508093822,0.19247422074487197,0.18090748379493227,0.28537244649266635,0.2922204058082507
,ETH,ZEC,BNB,VET,ZIL
0,0.07250703951839976,0.16084977238239762,0.16422857647942712,0.23083705399017007,0.40914187149633463
,ZEC,BNB,LTC,VET,ZIL
0,0.20064600476813044,0.14935010831528084,0.18697225572979503,0.19238381339459254,0.546526422936636
,BAT,LTC,VET,ZEC,ZIL
0,0.03315810756166604,0.11752125606384634,0.008983502188485204,0.10534846029173428,0.3144292893036611
,BCH,BNB,ZEC,LTC,ZIL
0,-0.04010126210742593,-0.13235494880546073,-0.019180470793373927,-0.015364225407421883,0.19580887270565506
,LTC,ALGO,BAT,ZIL,VET
0,0.005936346403272452,0.08385177170678926,0.2561347820778903,0.214492980942671,0.21240408582180725
,ALGO,ADA,VET,ZIL,BAT
0,0.1933487297921479,0.22489659773182114,0.14128800845376488,0.11732193732193741,0.5385479041916168
,ZIL,VET,ALGO,ADA,BAT
0,0.09596670542872876,0.18141775007239636,0.1969148733574555,0.19320296146988136,0.5921906022501657
,VET,ATOM,ADA,ALGO,BAT
0,0.19888258221319854,0.1469509991222182,0.1762462544265868,0.0968223314606742,0.45389809699201944
,QTUM,ATOM,ADA,VET,BAT
0,0.13191708069213637,0.12537928045080182,0.1369901946852352,0.3554733121994873,0.4114807566862364
,ADA,TRX,XRP,VET,BAT
0,0.15058458254499585,0.24689410372707554,0.18585167672779845,0.1893536218262184,0.4794736842105265
,ADA,XRP,VET,TRX,BAT
0,-0.11658288239249459,0.18221121466901313,0.18674836403703243,0.132734912146677,0.05501020507337939
,BAT,IOTA,TRX,XRP,VET
0,-0.1470850563528744,0.22050789901077805,0.07038657913931434,0.17159876608871394,0.08467436947393137
,TRX,VET,QTUM,XRP,IOTA
0,0.04614518851997751,0.09656320148618325,0.13727029998429385,0.029566107769102956,0.06633925198337742
,XRP,TRX,IOTA,VET,QTUM
0,0.09511050138260702,-0.05793150451524964,0.0019497562804651203,-0.0008652978478806972,0.169421487603306
,TRX,VET,IOTA,XRP,QTUM
0,0.06624917600527347,0.005583841548704838,0.031140882206228238,0.07473587856134878,0.306644467988497
,IOTA,ICX,TRX,XRP,QTUM
0,-0.009145044661846069,0.12600092989616174,0.006326111023248648,0.060525704552493176,0.30142813734427243
,TRX,BNB,XRP,ICX,QTUM
0,0.07233181588265047,0.05434441656210787,0.0025360188179948118,0.2715055226073235,0.2534759358288772
,ADA,NEO,ALGO,QTUM,ICX
0,0.07688312618646798,0.10685018116382583,0.2609009009009007,0.24697336561743355,0.3682019533543257
,VET,NEO,QTUM,ALGO,ICX
0,0.05130648595865828,0.13629472407519705,0.2096395525479906,0.28753279564668155,0.4160262865016693
,ZEC,BNB,ALGO,ZRX,ICX
0,0.28559817945383603,0.2916987261691033,0.3119186882730849,0.4341664126790614,0.6880266075388026
,ALGO,NEO,ZRX,TRX,ICX
0,0.18393480791618155,0.25840134421507455,0.4134379951029812,0.31962905718701706,0.3816482164821646
,NEO,BNB,TRX,ICX,ZRX
0,0.2880910683012259,0.25601514926481506,0.44978783592644955,0.25757019636630574,0.38548432646145137
,ICX,ZEC,NEO,ZRX,TRX
0,0.05550087723051922,0.18080849889624706,0.1310366384603363,0.18704442305047442,0.5962264150943395
,ZRX,QTUM,ETH,BNB,TRX
0,0.15075881098708144,0.23049685893774963,0.14308916233104862,0.26983607749064076,0.9712696941612604
,QTUM,ZIL,ZEC,BNB,TRX
0,0.35129581002397536,0.15467684755931277,0.274665632874588,0.17973090138402736,1.0754888585720779
,NEO,XLM,QTUM,XRP,TRX
0,0.23972170759588485,0.3303575832305796,0.624413646055437,0.9138924006180644,0.3395168248490079
,XLM,BNB,TRX,QTUM,XRP
0,0.11593792745625198,0.1230819848652529,0.28917779339423766,0.5563984827310839,0.6079524535843897
,NEO,VET,TRX,QTUM,XRP
0,0.1945577460533272,0.24139251004827433,0.3397289972899731,0.6584216725559482,0.7427186866439206
,BNB,VET,TRX,QTUM,XRP
0,0.40877885123171054,0.44162663006177083,0.14135145784081948,0.6166324435318276,0.7604843167058173
,BAT,BNB,VET,QTUM,XRP
0,0.24602161518168653,0.3517474310902482,0.5383949909703372,0.47099229555369915,1.1647401574803151
,IOTA,BNB,QTUM,VET,XRP
0,0.2191717077710562,0.4306440198159944,0.2647854004731329,0.3622035703467752,0.4868273972602739
,IOTA,QTUM,VET,BNB,XRP
0,0.10992730703068632,-0.04666272888363854,0.14981544538881586,0.48676368332174436,0.34669724770642185
,IOTA,VET,ZEC,XRP,BNB
0,0.3108467206184322,0.447157389653446,0.3214682330936933,0.9582297527149026,0.46516458932566307
,ZRX,XLM,VET,BNB,XRP
0,0.16398835202760997,0.258526724667552,0.4397334429711859,0.3158171937468579,0.7354368243339102
,ZEC,BNB,ATOM,VET,XRP
0,0.29955198516916437,0.1958544652701213,0.30210280373831777,0.3959786394978855,0.7245523669364728
,LINK,BCH,VET,TRX,XRP
0,0.3151629072681703,0.6455747075109404,0.6583719949388442,0.27579113924050613,0.12602847353067403
,ZEC,LINK,NEO,BCH,VET
0,0.25828052671790047,0.1763491595399589,0.46340623385569124,0.4314349808235036,0.6263018965368834
,ZEC,TRX,BCH,NEO,VET
0,0.17416237695294834,0.1096709096553865,0.44999329369159935,0.8235203214340907,0.9721190168980365
,IOTA,QTUM,BCH,NEO,VET
0,-0.041695461875143947,0.21223188790756353,0.19482314422199543,0.639048991354467,0.49069263504164184
,LINK,BCH,QTUM,VET,NEO
0,-0.05755743651753331,0.154098119318391,0.10105077707166665,0.4946931927703673,0.5671951378715132
,BNB,QTUM,BCH,VET,NEO
0,0.0017701725918275457,-0.10363047554116245,0.0519289891588266,0.2845206359311321,0.29323167719279497
,IOTA,BNB,BCH,VET,NEO
0,-0.2731717011128776,-0.004977669348968039,-0.22796305844255693,-0.19272210918955568,0.03946656225167855
,ZEC,LINK,ETH,BNB,NEO
0,-0.21194371026501901,-0.11982953121082984,0.02035810962257978,0.02214974860714758,-0.07934487259034195
,LINK,VET,NEO,ETH,BNB
0,-0.2016376663254862,-0.29655408894021384,-0.3247118644067797,-0.008859605206694154,0.03335687284509614
,LTC,ATOM,ADA,ETH,BNB
0,-0.14458983777165602,-0.03038803179055638,-0.08727766053662944,0.07193505387492127,0.0004960219043272929
,ZEC,ADA,ATOM,BNB,ETH
0,-0.08758390610555089,-0.0266317466828645,0.03813918448064779,-0.08891914893617026,0.08560554760292449
,ALGO,ADA,XRP,ATOM,ETH
0,0.08292682926829276,0.08642385481124637,0.08549240868331931,0.1774803310513946,0.12802583627151787
,ADA,ZRX,ETH,ATOM,ZIL
0,0.16553612220342817,0.14374665238350293,0.14481611347139256,0.22214532871972303,0.2255277126280706
,XRP,IOTA,ATOM,ZIL,ICX
0,0.19494705173460058,0.12249692956693536,0.08174014826375342,0.20493656575807062,0.28699014322278504
,BNB,ETH,XRP,ZIL,ICX
0,0.2528340569223346,0.25042168403012655,0.5219524276746332,0.4310224578044357,0.5779922311240593
,BCH,ZRX,ZIL,XRP,ICX
0,0.3279485384442653,0.4455962413304497,0.4907788338771457,0.5966134494436379,0.5102171136653897
,BCH,ZRX,ZIL,ICX,XRP
0,0.14598351001177856,0.22421142369991487,0.24249057521585793,0.2670509125840539,0.14189584552369805
,ETH,NEO,ZRX,ZIL,ICX
0,0.28674241287185187,0.13760990527970107,0.042465753424657526,-0.0035771439329757015,0.05654928666867787
,NEO,LINK,BCH,BNB,ETH
0,0.07462360898974474,0.27172413793103445,0.05571966660443861,0.10387186233378376,0.20404395028097144
,NEO,BNB,ETH,LTC,LINK
0,0.28836398578739186,0.0848404033669472,0.2775492735014835,0.39274948126688325,0.35929786066922653
,ETH,NEO,LINK,LTC,BCH
0,0.25866347346856333,0.26652229956174267,0.23702149973780795,0.303937124091362,0.5175929929708478
,ZEC,NEO,LTC,BCH,QTUM
0,0.24129759129759143,0.15584199665528953,0.24899743487842763,0.3358133983189935,0.7541578669482578
,ADA,ZEC,LTC,BCH,QTUM
0,0.2215270973091128,0.29509005674808786,0.2902770031604387,0.43751927148642245,0.6798003677436302
,LTC,ZEC,ETH,BCH,QTUM
0,0.31659144127328864,0.21642446502714785,0.14382279352155902,0.4038240014177552,0.724831788752063
,ATOM,ADA,LTC,BCH,QTUM
0,0.20532952652866987,0.27248083029974457,0.15299704787575408,0.374403195439841,0.6582581736189401
,ATOM,ADA,XLM,BCH,QTUM
0,0.08301826079961394,0.19323410013531794,0.20693756194251733,0.06296905202479142,0.49018504977782773
,ATOM,ETH,ADA,XLM,QTUM
0,-0.11984505829877135,0.08744827665256816,-0.048315629742033295,-0.08977093146355297,-0.18935989311308166
,ZEC,XLM,BNB,ADA,ETH
0,-0.07367531532659377,0.033678962160788695,-0.08362313498613771,0.16718078993528085,0.06824851683599342
,ZEC,BCH,XLM,ETH,ADA
0,-0.030894773607671344,-0.0721425405042112,0.08422283959643218,0.04341357234314991,0.2374429223744292
,ZEC,ALGO,ETH,XLM,ADA
0,-0.1118842101808395,-0.08354229906295374,-0.07200656737422306,0.08292993630573253,0.23059502915699492
,ALGO,ETH,XRP,XLM,ADA
0,0.020356048445936192,-0.09300258994554278,0.04126527677929537,0.08601676224084698,0.39996347921358555
,IOTA,ALGO,XRP,XLM,ADA
0,-0.12322028286268394,-0.12529727525990342,0.012111780228702962,-0.12087370668418451,0.15213200272170546
,ALGO,IOTA,XLM,XRP,ADA
0,0.09435173299101418,0.0458568425710808,0.0888480598725685,0.2517510033839616,0.2793545506728745
,IOTA,XLM,ALGO,XRP,ADA
0,-0.42270617636558383,-0.3163691664874497,-0.3088104420053397,-0.2201733764325594,-0.23723894905943932
,BAT,XLM,ALGO,XRP,ADA
0,-0.33309840542683467,-0.3838813080814022,-0.29457085253456217,-0.32257412398921825,-0.2883235185866765
