"日期","收市","開市","高","低","成交量","更改%"
"2021年7月3日","0.04431","0.04264","0.04511","0.04169","46.12M","3.91%"
"2021年7月2日","0.04264","0.04205","0.04277","0.04027","39.57M","1.17%"
"2021年7月1日","0.04215","0.04478","0.04483","0.04112","48.29M","-5.85%"
"2021年6月30日","0.04477","0.04488","0.04631","0.04182","94.03M","-0.25%"
"2021年6月29日","0.04488","0.04314","0.04679","0.04309","109.56M","4.04%"
"2021年6月28日","0.04314","0.04196","0.04693","0.04154","166.21M","3.10%"
"2021年6月27日","0.04184","0.04137","0.04216","0.03949","42.13M","1.14%"
"2021年6月26日","0.04137","0.04087","0.04217","0.03910","43.10M","1.16%"
"2021年6月25日","0.04089","0.04520","0.04643","0.04007","64.61M","-9.53%"
"2021年6月24日","0.04520","0.04399","0.04698","0.04258","91.75M","2.76%"
"2021年6月23日","0.04399","0.04062","0.04431","0.03895","73.45M","8.29%"
"2021年6月22日","0.04062","0.03893","0.04143","0.03539","195.29M","4.34%"
"2021年6月21日","0.03893","0.05026","0.05036","0.03882","151.79M","-22.59%"
"2021年6月20日","0.05029","0.04746","0.05079","0.04459","59.62M","5.96%"
"2021年6月19日","0.04746","0.04775","0.04994","0.04687","48.70M","-0.60%"
"2021年6月18日","0.04775","0.04963","0.05238","0.04708","117.13M","-3.78%"
"2021年6月17日","0.04963","0.05023","0.05205","0.04864","43.01M","-1.20%"
"2021年6月16日","0.05023","0.05088","0.05352","0.04865","78.17M","-1.28%"
"2021年6月15日","0.05088","0.05333","0.05418","0.05076","84.86M","-4.60%"
"2021年6月14日","0.05333","0.04957","0.05735","0.04822","245.75M","7.59%"
"2021年6月13日","0.04957","0.04815","0.04987","0.04518","61.09M","3.04%"
"2021年6月12日","0.04811","0.04740","0.04888","0.04440","86.95M","1.50%"
"2021年6月11日","0.04740","0.05093","0.05245","0.04668","57.88M","-6.93%"
"2021年6月10日","0.05093","0.05300","0.05315","0.04848","56.83M","-3.90%"
"2021年6月9日","0.05300","0.05007","0.05414","0.04781","133.23M","5.87%"
"2021年6月8日","0.05006","0.05356","0.05468","0.04537","97.02M","-6.54%"
"2021年6月7日","0.05356","0.05860","0.06068","0.05265","103.84M","-8.58%"
"2021年6月6日","0.05859","0.05419","0.05924","0.05380","181.31M","8.12%"
"2021年6月5日","0.05419","0.05610","0.05830","0.05257","76.67M","-3.41%"
"2021年6月4日","0.05610","0.06308","0.06331","0.05400","116.12M","-11.03%"
"2021年6月3日","0.06306","0.05845","0.06344","0.05752","74.48M","7.88%"
"2021年6月2日","0.05845","0.05798","0.06022","0.05610","61.26M","0.81%"
"2021年6月1日","0.05798","0.05974","0.06027","0.05516","81.60M","-2.95%"
"2021年5月31日","0.05975","0.05668","0.06077","0.05422","87.01M","5.49%"
"2021年5月30日","0.05664","0.05574","0.05850","0.05220","70.21M","1.61%"
"2021年5月29日","0.05574","0.05568","0.06187","0.05124","233.01M","0.10%"
"2021年5月28日","0.05568","0.05750","0.06500","0.05194","269.56M","-3.05%"
"2021年5月27日","0.05744","0.05934","0.06360","0.05620","223.04M","-3.01%"
"2021年5月26日","0.05922","0.05325","0.05945","0.05199","125.97M","11.21%"
"2021年5月25日","0.05325","0.05519","0.05729","0.04780","184.98M","-3.53%"
"2021年5月24日","0.05519","0.04185","0.05677","0.04129","342.05M","31.90%"
"2021年5月23日","0.04185","0.04711","0.04955","0.03479","336.11M","-11.21%"
"2021年5月22日","0.04713","0.05248","0.05423","0.04546","178.58M","-10.20%"
"2021年5月21日","0.05248","0.06547","0.06831","0.04493","275.56M","-19.81%"
"2021年5月20日","0.06545","0.05541","0.06795","0.05008","243.86M","18.19%"
"2021年5月19日","0.05537","0.09275","0.09417","0.04338","480.46M","-40.30%"
"2021年5月18日","0.09275","0.09541","0.10068","0.09128","120.99M","-2.79%"
"2021年5月17日","0.09541","0.10304","0.10316","0.09091","219.84M","-7.40%"
"2021年5月16日","0.10304","0.09211","0.12154","0.09143","512.33M","12.03%"
"2021年5月15日","0.09197","0.10383","0.10520","0.09122","101.54M","-11.42%"
"2021年5月14日","0.10383","0.09852","0.10741","0.09831","115.00M","5.39%"
"2021年5月13日","0.09852","0.09389","0.10542","0.08972","206.64M","4.93%"
"2021年5月12日","0.09389","0.11912","0.12157","0.09346","150.51M","-21.18%"
"2021年5月11日","0.11912","0.11264","0.11950","0.10693","201.48M","5.70%"
"2021年5月10日","0.11270","0.12851","0.13491","0.10322","181.22M","-12.30%"
"2021年5月9日","0.12851","0.13364","0.13816","0.12185","116.83M","-3.83%"
"2021年5月8日","0.13362","0.13983","0.14416","0.13060","131.93M","-4.43%"
"2021年5月7日","0.13982","0.14266","0.15751","0.13354","285.69M","-1.99%"
"2021年5月6日","0.14266","0.12906","0.14744","0.12479","288.64M","10.55%"
"2021年5月5日","0.12905","0.11515","0.12979","0.11492","205.26M","12.07%"
"2021年5月4日","0.11515","0.12148","0.12181","0.10899","168.74M","-5.22%"
"2021年5月3日","0.12148","0.12287","0.12884","0.11926","94.64M","-1.13%"
"2021年5月2日","0.12287","0.12615","0.12775","0.11830","133.38M","-2.60%"
"2021年5月1日","0.12615","0.13074","0.13331","0.11867","181.98M","-3.51%"
"2021年4月30日","0.13074","0.11045","0.13132","0.10786","225.52M","18.37%"
"2021年4月29日","0.11045","0.11461","0.11513","0.10529","90.95M","-3.63%"
"2021年4月28日","0.11461","0.12324","0.12599","0.10764","191.22M","-6.97%"
"2021年4月27日","0.12321","0.10127","0.12760","0.10003","309.61M","21.74%"
"2021年4月26日","0.10121","0.08475","0.10208","0.08400","170.45M","19.58%"
"2021年4月25日","0.08463","0.08522","0.09367","0.08045","115.40M","-0.69%"
"2021年4月24日","0.08522","0.09401","0.09418","0.08367","162.17M","-9.05%"
"2021年4月23日","0.09370","0.10323","0.10487","0.08112","98.15M","-9.24%"
"2021年4月22日","0.10324","0.11133","0.11963","0.10167","233.12M","-7.31%"
"2021年4月21日","0.11138","0.11448","0.12569","0.11111","235.83M","-2.88%"
"2021年4月20日","0.11468","0.10853","0.11990","0.09860","220.65M","5.66%"
"2021年4月19日","0.10853","0.12213","0.12961","0.10549","208.55M","-11.13%"
"2021年4月18日","0.12213","0.14208","0.14389","0.09848","398.81M","-14.05%"
"2021年4月17日","0.14209","0.15011","0.17359","0.14061","317.94M","-5.35%"
"2021年4月16日","0.15013","0.13509","0.15371","0.12521","261.90M","11.14%"
"2021年4月15日","0.13509","0.12400","0.13795","0.12288","147.80M","8.90%"
"2021年4月14日","0.12405","0.12365","0.13558","0.11966","187.49M","0.29%"
"2021年4月13日","0.12369","0.12284","0.12493","0.11759","123.09M","0.69%"
"2021年4月12日","0.12284","0.12838","0.13464","0.12033","139.20M","-4.32%"
"2021年4月11日","0.12838","0.12612","0.13181","0.12189","96.10M","1.84%"
"2021年4月10日","0.12606","0.12293","0.13183","0.11991","125.18M","2.55%"
"2021年4月9日","0.12293","0.12327","0.13326","0.12120","165.87M","-0.28%"
"2021年4月8日","0.12327","0.11263","0.12608","0.11189","166.00M","9.47%"
"2021年4月7日","0.11261","0.12814","0.13764","0.10785","364.84M","-12.10%"
"2021年4月6日","0.12810","0.13680","0.14291","0.12015","71.42M","-6.33%"
"2021年4月5日","0.13676","0.11502","0.15928","0.10823","747.54M","18.90%"
"2021年4月4日","0.11502","0.10164","0.11618","0.10020","237.86M","13.18%"
"2021年4月3日","0.10162","0.11241","0.11414","0.10098","291.06M","-9.61%"
"2021年4月2日","0.11243","0.09147","0.12594","0.09073","646.26M","22.91%"
"2021年4月1日","0.09147","0.09855","0.10152","0.08817","187.65M","-7.19%"
"2021年3月31日","0.09855","0.08572","0.10200","0.07802","328.80M","14.97%"
"2021年3月30日","0.08572","0.08616","0.08876","0.08438","124.11M","-0.51%"
"2021年3月29日","0.08616","0.08538","0.09161","0.08274","193.40M","0.91%"
"2021年3月28日","0.08538","0.07813","0.09011","0.07747","327.85M","9.28%"
"2021年3月27日","0.07813","0.07394","0.08134","0.06931","196.02M","5.68%"
"2021年3月26日","0.07393","0.06626","0.07505","0.06626","106.01M","11.63%"
"2021年3月25日","0.06623","0.07016","0.07058","0.06363","145.26M","-5.61%"
"2021年3月24日","0.07016","0.07457","0.08018","0.06622","167.37M","-5.91%"
"2021年3月23日","0.07457","0.07664","0.07963","0.07207","99.19M","-2.70%"
"2021年3月22日","0.07664","0.08135","0.08605","0.07510","160.96M","-5.78%"
"2021年3月21日","0.08135","0.07634","0.08581","0.07466","204.27M","6.55%"
"2021年3月20日","0.07634","0.07317","0.08669","0.07279","280.13M","4.33%"
"2021年3月19日","0.07317","0.07275","0.07533","0.07061","65.89M","0.58%"
"2021年3月18日","0.07275","0.07362","0.07639","0.07205","98.61M","-1.18%"
"2021年3月17日","0.07362","0.07428","0.07465","0.06893","103.46M","-0.88%"
"2021年3月16日","0.07428","0.07827","0.07901","0.07249","129.90M","-5.17%"
"2021年3月15日","0.07833","0.08430","0.09137","0.07430","331.71M","-7.09%"
"2021年3月14日","0.08430","0.07471","0.09226","0.06897","544.44M","12.94%"
"2021年3月13日","0.07464","0.07955","0.08446","0.07389","291.44M","-6.19%"
"2021年3月12日","0.07957","0.07238","0.08146","0.06674","383.88M","10.04%"
"2021年3月11日","0.07231","0.06133","0.07630","0.05880","371.59M","17.94%"
"2021年3月10日","0.06131","0.06285","0.06701","0.05782","227.99M","-2.60%"
"2021年3月9日","0.06294","0.05650","0.06378","0.05557","190.89M","11.41%"
"2021年3月8日","0.05650","0.05553","0.05724","0.05331","90.27M","1.74%"
"2021年3月7日","0.05553","0.05201","0.05793","0.05201","156.45M","6.77%"
"2021年3月6日","0.05201","0.05020","0.05359","0.04927","116.03M","3.47%"
"2021年3月5日","0.05027","0.04800","0.05088","0.04554","107.20M","4.73%"
"2021年3月4日","0.04800","0.04954","0.05185","0.04672","108.43M","-3.10%"
"2021年3月3日","0.04953","0.04557","0.05283","0.04537","183.28M","8.71%"
"2021年3月2日","0.04557","0.04746","0.04845","0.04347","94.77M","-3.97%"
"2021年3月1日","0.04745","0.04333","0.04929","0.04287","123.09M","9.51%"
"2021年2月28日","0.04333","0.04473","0.04571","0.04066","133.97M","-3.14%"
"2021年2月27日","0.04473","0.04250","0.04767","0.04250","114.12M","5.27%"
"2021年2月26日","0.04249","0.04522","0.04617","0.04021","143.16M","-6.04%"
"2021年2月25日","0.04522","0.04879","0.05046","0.04512","136.66M","-7.32%"
"2021年2月24日","0.04879","0.04626","0.05297","0.04396","182.79M","5.40%"
"2021年2月23日","0.04629","0.05428","0.05457","0.03790","390.36M","-14.72%"
"2021年2月22日","0.05428","0.05924","0.06453","0.04618","378.11M","-8.28%"
"2021年2月21日","0.05918","0.05787","0.06146","0.05661","93.73M","2.27%"
"2021年2月20日","0.05787","0.06329","0.06520","0.05476","173.01M","-8.56%"
"2021年2月19日","0.06329","0.06305","0.06592","0.05945","143.70M","0.37%"
"2021年2月18日","0.06305","0.06129","0.06506","0.05854","155.86M","2.87%"
"2021年2月17日","0.06129","0.05866","0.06239","0.05523","107.54M","4.50%"
"2021年2月16日","0.05866","0.06029","0.06477","0.05589","168.76M","-2.81%"
"2021年2月15日","0.06035","0.07011","0.07313","0.04983","389.30M","-13.88%"
"2021年2月14日","0.07008","0.07579","0.08135","0.06637","253.70M","-7.53%"
"2021年2月13日","0.07578","0.06246","0.08100","0.06239","515.10M","21.34%"
"2021年2月12日","0.06246","0.06525","0.06584","0.05830","148.27M","-4.28%"
"2021年2月11日","0.06525","0.05050","0.06592","0.05000","359.45M","29.21%"
"2021年2月10日","0.05050","0.05127","0.05418","0.04550","247.53M","-1.62%"
"2021年2月9日","0.05133","0.04664","0.05372","0.04539","277.42M","10.06%"
"2021年2月8日","0.04664","0.04194","0.04939","0.04069","428.27M","11.16%"
"2021年2月7日","0.04196","0.04289","0.04366","0.03918","113.12M","-2.17%"
"2021年2月6日","0.04289","0.04712","0.04712","0.04154","121.81M","-8.98%"
"2021年2月5日","0.04712","0.04329","0.04767","0.04241","166.42M","8.82%"
"2021年2月4日","0.04330","0.04175","0.04691","0.04070","310.37M","3.74%"
"2021年2月3日","0.04175","0.03949","0.04367","0.03948","214.81M","5.72%"
"2021年2月2日","0.03949","0.03963","0.04297","0.03598","369.10M","-0.38%"
"2021年2月1日","0.03963","0.03623","0.04500","0.03454","427.30M","9.38%"
"2021年1月31日","0.03623","0.03632","0.03838","0.03292","299.78M","-0.24%"
"2021年1月30日","0.03632","0.05260","0.05260","0.03375","743.95M","-31.23%"
"2021年1月29日","0.05281","0.02398","0.06721","0.02397","2.35B","120.24%"
"2021年1月28日","0.02398","0.02229","0.02549","0.02186","82.63M","7.63%"
"2021年1月27日","0.02228","0.02341","0.02376","0.02186","39.94M","-4.81%"
"2021年1月26日","0.02341","0.02321","0.02362","0.02256","22.14M","0.86%"
"2021年1月25日","0.02321","0.02417","0.02456","0.02314","38.02M","-4.00%"
"2021年1月24日","0.02417","0.02436","0.02561","0.02394","43.81M","-0.78%"
"2021年1月23日","0.02436","0.02419","0.02459","0.02373","28.87M","0.73%"
"2021年1月22日","0.02419","0.02334","0.02477","0.02199","59.57M","3.62%"
"2021年1月21日","0.02334","0.02574","0.02583","0.02314","50.56M","-9.30%"
"2021年1月20日","0.02574","0.02696","0.02703","0.02451","52.39M","-4.55%"
"2021年1月19日","0.02696","0.02585","0.02824","0.02557","88.54M","4.31%"
"2021年1月18日","0.02585","0.02548","0.02609","0.02477","52.00M","1.46%"
"2021年1月17日","0.02548","0.02554","0.02620","0.02466","53.91M","-0.25%"
"2021年1月16日","0.02554","0.02519","0.02606","0.02478","72.18M","1.38%"
"2021年1月15日","0.02519","0.02525","0.02605","0.02389","61.22M","-0.22%"
"2021年1月14日","0.02525","0.02579","0.02605","0.02467","48.03M","-2.11%"
"2021年1月13日","0.02579","0.02459","0.02605","0.02343","43.69M","4.89%"
"2021年1月12日","0.02459","0.02491","0.02576","0.02407","52.05M","-1.29%"
"2021年1月11日","0.02491","0.02853","0.02863","0.02240","123.89M","-12.67%"
"2021年1月10日","0.02853","0.03008","0.03259","0.02664","152.13M","-5.18%"
"2021年1月9日","0.03008","0.02818","0.03089","0.02748","69.86M","6.75%"
"2021年1月8日","0.02818","0.02834","0.02994","0.02590","84.27M","-0.57%"
"2021年1月7日","0.02834","0.02634","0.03330","0.02634","153.91M","7.59%"
"2021年1月6日","0.02634","0.02456","0.02656","0.02375","131.28M","7.48%"
"2021年1月5日","0.02451","0.02374","0.02491","0.02278","91.50M","3.26%"
"2021年1月4日","0.02374","0.02443","0.02658","0.02238","127.84M","-2.86%"
"2021年1月3日","0.02443","0.02284","0.02877","0.02278","332.77M","6.97%"
"2021年1月2日","0.02284","0.02156","0.02329","0.02101","78.77M","5.93%"
"2021年1月1日","0.02156","0.02066","0.02195","0.02061","31.21M","4.35%"
"2020年12月31日","0.02066","0.02077","0.02136","0.02037","33.62M","-0.66%"
"2020年12月30日","0.02080","0.02150","0.02164","0.02057","38.65M","-3.24%"
"2020年12月29日","0.02150","0.02249","0.02253","0.02053","45.37M","-4.51%"
"2020年12月28日","0.02251","0.02236","0.02329","0.02222","36.75M","0.68%"
"2020年12月27日","0.02236","0.02311","0.02374","0.02218","42.06M","-3.26%"
"2020年12月26日","0.02311","0.02284","0.02332","0.02184","37.59M","1.20%"
"2020年12月25日","0.02284","0.02309","0.02407","0.02242","55.32M","-1.09%"
"2020年12月24日","0.02309","0.02082","0.02371","0.02032","74.65M","10.88%"
"2020年12月23日","0.02082","0.02502","0.02546","0.02017","85.74M","-16.77%"
"2020年12月22日","0.02502","0.02413","0.02522","0.02297","51.90M","3.69%"
"2020年12月21日","0.02413","0.02617","0.03016","0.02370","223.54M","-7.79%"
"2020年12月20日","0.02617","0.02388","0.03741","0.02296","609.09M","9.60%"
"2020年12月19日","0.02388","0.02291","0.02472","0.02289","65.96M","4.23%"
"2020年12月18日","0.02291","0.02265","0.02301","0.02225","16.44M","1.14%"
"2020年12月17日","0.02265","0.02305","0.02363","0.02242","60.05M","-1.63%"
"2020年12月16日","0.02302","0.02186","0.02305","0.02138","30.16M","5.33%"
"2020年12月15日","0.02186","0.02124","0.02191","0.02107","28.85M","2.92%"
"2020年12月14日","0.02124","0.02174","0.02175","0.02108","20.56M","-2.23%"
"2020年12月13日","0.02172","0.02168","0.02195","0.02133","23.91M","0.19%"
"2020年12月12日","0.02168","0.02190","0.02296","0.02123","59.51M","-0.91%"
"2020年12月11日","0.02188","0.02042","0.02445","0.01950","139.69M","7.13%"
"2020年12月10日","0.02042","0.02096","0.02099","0.01995","21.59M","-2.59%"
"2020年12月9日","0.02096","0.02153","0.02159","0.01976","33.72M","-2.65%"
"2020年12月8日","0.02153","0.02268","0.02301","0.02142","29.34M","-5.07%"
"2020年12月7日","0.02268","0.02273","0.02294","0.02233","15.24M","-0.21%"
"2020年12月6日","0.02273","0.02303","0.02319","0.02246","18.68M","-1.29%"
"2020年12月5日","0.02303","0.02239","0.02347","0.02233","22.86M","2.85%"
"2020年12月4日","0.02239","0.02360","0.02416","0.02232","25.20M","-5.13%"
"2020年12月3日","0.02360","0.02355","0.02443","0.02320","20.31M","0.21%"
"2020年12月2日","0.02355","0.02302","0.02379","0.02283","16.45M","2.29%"
"2020年12月1日","0.02302","0.02399","0.02480","0.02261","71.66M","-4.06%"
"2020年11月30日","0.02399","0.02312","0.02427","0.02310","38.35M","3.77%"
"2020年11月29日","0.02312","0.02343","0.02413","0.02273","34.08M","-1.20%"
"2020年11月28日","0.02340","0.02197","0.02362","0.02170","34.41M","6.52%"
"2020年11月27日","0.02197","0.02221","0.02298","0.02130","36.21M","-1.10%"
"2020年11月26日","0.02221","0.02461","0.02618","0.02059","130.75M","-9.74%"
"2020年11月25日","0.02461","0.02622","0.02654","0.02407","88.18M","-6.12%"
"2020年11月24日","0.02622","0.02349","0.02686","0.02341","122.09M","11.71%"
"2020年11月23日","0.02347","0.02264","0.02386","0.02159","64.70M","3.64%"
"2020年11月22日","0.02264","0.02421","0.02577","0.02062","135.22M","-6.46%"
"2020年11月21日","0.02421","0.01897","0.02769","0.01897","269.42M","27.63%"
"2020年11月20日","0.01897","0.01841","0.01930","0.01838","56.06M","3.03%"
"2020年11月19日","0.01841","0.01837","0.01861","0.01815","22.86M","0.23%"
"2020年11月18日","0.01837","0.01886","0.01891","0.01799","52.58M","-2.62%"
"2020年11月17日","0.01886","0.01891","0.01916","0.01839","51.40M","-0.27%"
"2020年11月16日","0.01891","0.01795","0.01892","0.01786","26.50M","5.37%"
"2020年11月15日","0.01795","0.01811","0.01873","0.01788","20.89M","-0.91%"
"2020年11月14日","0.01811","0.01862","0.01866","0.01787","21.71M","-2.76%"
"2020年11月13日","0.01862","0.01845","0.01901","0.01825","22.16M","0.95%"
"2020年11月12日","0.01845","0.01903","0.01903","0.01822","33.80M","-3.06%"
"2020年11月11日","0.01903","0.01911","0.01979","0.01897","27.77M","-0.42%"
"2020年11月10日","0.01911","0.01863","0.01917","0.01813","58.05M","2.61%"
"2020年11月9日","0.01863","0.01823","0.01921","0.01779","34.48M","2.19%"
"2020年11月8日","0.01823","0.01798","0.01878","0.01788","23.73M","1.41%"
"2020年11月7日","0.01798","0.01940","0.01967","0.01774","51.03M","-7.34%"
"2020年11月6日","0.01940","0.01699","0.02005","0.01698","88.24M","14.15%"
"2020年11月5日","0.01699","0.01528","0.01798","0.01507","79.69M","11.19%"
"2020年11月4日","0.01528","0.01510","0.01554","0.01478","36.48M","1.20%"
"2020年11月3日","0.01510","0.01617","0.01622","0.01290","143.57M","-6.62%"
"2020年11月2日","0.01617","0.01706","0.01725","0.01612","23.83M","-5.20%"
"2020年11月1日","0.01706","0.01679","0.01739","0.01674","18.24M","1.60%"
"2020年10月31日","0.01679","0.01687","0.01727","0.01674","14.04M","-0.46%"
"2020年10月30日","0.01687","0.01703","0.01726","0.01651","20.25M","-0.96%"
"2020年10月29日","0.01703","0.01715","0.01759","0.01691","29.91M","-0.69%"
"2020年10月28日","0.01715","0.01840","0.01861","0.01703","55.65M","-6.80%"
"2020年10月27日","0.01840","0.01868","0.01871","0.01823","29.12M","-1.48%"
"2020年10月26日","0.01868","0.01888","0.01902","0.01852","19.95M","-1.06%"
"2020年10月25日","0.01888","0.01874","0.01929","0.01863","16.65M","0.71%"
"2020年10月24日","0.01874","0.01914","0.01943","0.01869","26.42M","-2.05%"
"2020年10月23日","0.01914","0.01962","0.01967","0.01892","18.13M","-2.48%"
"2020年10月22日","0.01962","0.01871","0.02010","0.01867","35.47M","4.87%"
"2020年10月21日","0.01871","0.01813","0.01904","0.01807","27.16M","3.24%"
"2020年10月20日","0.01813","0.01900","0.01900","0.01806","19.36M","-4.58%"
"2020年10月19日","0.01900","0.01854","0.01914","0.01835","23.53M","2.46%"
"2020年10月18日","0.01854","0.01883","0.01915","0.01849","40.86M","-1.50%"
"2020年10月17日","0.01882","0.01898","0.01907","0.01879","23.39M","-0.83%"
"2020年10月16日","0.01898","0.01982","0.01987","0.01867","22.45M","-4.23%"
"2020年10月15日","0.01982","0.01926","0.02022","0.01896","43.16M","2.88%"
"2020年10月14日","0.01926","0.01939","0.01948","0.01904","39.50M","-0.64%"
"2020年10月13日","0.01939","0.02001","0.02029","0.01936","46.14M","-3.11%"
"2020年10月12日","0.02001","0.02007","0.02036","0.01965","34.97M","-0.31%"
"2020年10月11日","0.02007","0.01991","0.02054","0.01943","19.22M","0.79%"
"2020年10月10日","0.01991","0.01962","0.02026","0.01955","51.48M","1.50%"
"2020年10月9日","0.01962","0.01950","0.01981","0.01937","49.16M","0.60%"
"2020年10月8日","0.01950","0.01913","0.01968","0.01884","30.87M","1.97%"
"2020年10月7日","0.01913","0.01960","0.01960","0.01846","41.62M","-2.41%"
"2020年10月6日","0.01960","0.02114","0.02119","0.01947","42.16M","-7.32%"
"2020年10月5日","0.02115","0.02116","0.02138","0.02113","21.66M","-0.07%"
"2020年10月4日","0.02116","0.02134","0.02135","0.02099","17.35M","-0.83%"
"2020年10月3日","0.02134","0.02127","0.02144","0.02099","25.82M","0.39%"
"2020年10月2日","0.02126","0.02175","0.02248","0.02059","57.98M","-2.28%"
"2020年10月1日","0.02175","0.02296","0.02342","0.02160","63.90M","-5.28%"
"2020年9月30日","0.02296","0.02393","0.02395","0.02284","28.36M","-4.06%"
"2020年9月29日","0.02393","0.02442","0.02442","0.02354","35.26M","-1.99%"
"2020年9月28日","0.02442","0.02459","0.02521","0.02418","40.66M","-0.67%"
"2020年9月27日","0.02459","0.02475","0.02511","0.02367","29.65M","-0.65%"
"2020年9月26日","0.02475","0.02412","0.02511","0.02349","55.11M","2.58%"
"2020年9月25日","0.02412","0.02400","0.02449","0.02308","28.07M","0.50%"
"2020年9月24日","0.02400","0.02294","0.02404","0.02260","36.67M","4.63%"
"2020年9月23日","0.02294","0.02497","0.02532","0.02246","60.51M","-8.12%"
"2020年9月22日","0.02497","0.02411","0.02500","0.02338","45.63M","3.43%"
"2020年9月21日","0.02414","0.02639","0.02818","0.02322","134.11M","-8.53%"
"2020年9月20日","0.02639","0.02685","0.02686","0.02560","61.67M","-1.48%"
"2020年9月19日","0.02679","0.02948","0.02948","0.02668","94.91M","-8.98%"
"2020年9月18日","0.02943","0.02616","0.02943","0.02554","111.92M","12.79%"
"2020年9月17日","0.02610","0.02698","0.02730","0.02544","39.50M","-3.29%"
"2020年9月16日","0.02698","0.02705","0.02840","0.02568","109.59M","-0.24%"
"2020年9月15日","0.02705","0.02902","0.02931","0.02704","79.27M","-6.79%"
"2020年9月14日","0.02902","0.02927","0.03033","0.02804","131.46M","-0.85%"
"2020年9月13日","0.02927","0.03161","0.03195","0.02758","163.53M","-7.30%"
"2020年9月12日","0.03157","0.03378","0.03411","0.03129","177.56M","-6.54%"
"2020年9月11日","0.03378","0.03570","0.03576","0.03193","300.46M","-5.38%"
"2020年9月10日","0.03570","0.04963","0.05716","0.03522","955.08M","-28.05%"
"2020年9月9日","0.04963","0.04950","0.05239","0.04260","333.07M","0.25%"
"2020年9月8日","0.04950","0.05687","0.05687","0.04737","355.29M","-12.95%"
"2020年9月7日","0.05687","0.04938","0.06008","0.04761","723.34M","15.16%"
"2020年9月6日","0.04938","0.04824","0.05315","0.04594","399.84M","2.36%"
"2020年9月5日","0.04824","0.03708","0.05486","0.03706","830.76M","30.11%"
"2020年9月4日","0.03708","0.03569","0.03944","0.03312","247.28M","3.87%"
"2020年9月3日","0.03569","0.04983","0.05040","0.03375","407.92M","-28.37%"
"2020年9月2日","0.04983","0.04882","0.05228","0.04357","304.33M","2.07%"
"2020年9月1日","0.04882","0.05151","0.05884","0.04810","627.08M","-5.22%"
"2020年8月31日","0.05151","0.02971","0.05663","0.02965","1.20B","73.36%"
"2020年8月30日","0.02971","0.02909","0.03025","0.02908","31.93M","2.14%"
"2020年8月29日","0.02909","0.02762","0.02990","0.02755","50.98M","5.33%"
"2020年8月28日","0.02762","0.02680","0.02777","0.02653","25.76M","3.06%"
"2020年8月27日","0.02680","0.02828","0.02840","0.02587","43.08M","-5.25%"
"2020年8月26日","0.02828","0.02777","0.02919","0.02743","48.25M","1.84%"
"2020年8月25日","0.02777","0.03071","0.03074","0.02694","58.20M","-9.56%"
"2020年8月24日","0.03071","0.03082","0.03135","0.03017","37.34M","-0.37%"
"2020年8月23日","0.03082","0.03148","0.03148","0.03011","22.63M","-2.09%"
"2020年8月22日","0.03148","0.02939","0.03148","0.02841","53.11M","7.09%"
"2020年8月21日","0.02939","0.03030","0.03461","0.02937","136.27M","-2.99%"
"2020年8月20日","0.03030","0.02884","0.03047","0.02823","53.64M","5.05%"
"2020年8月19日","0.02884","0.03219","0.03235","0.02880","78.79M","-10.39%"
"2020年8月18日","0.03219","0.03417","0.03503","0.03109","101.84M","-5.79%"
"2020年8月17日","0.03417","0.03476","0.03550","0.03362","96.91M","-1.72%"
"2020年8月16日","0.03476","0.03426","0.03693","0.03344","67.21M","1.48%"
"2020年8月15日","0.03426","0.03272","0.03668","0.03142","185.85M","4.68%"
"2020年8月14日","0.03272","0.03412","0.03423","0.03187","88.03M","-4.09%"
"2020年8月13日","0.03412","0.03456","0.03778","0.03168","313.78M","-1.40%"
"2020年8月12日","0.03460","0.02627","0.03508","0.02533","355.94M","31.71%"
"2020年8月11日","0.02627","0.02753","0.02780","0.02580","41.10M","-4.56%"
"2020年8月10日","0.02753","0.02621","0.02795","0.02609","68.15M","5.03%"
"2020年8月9日","0.02621","0.02622","0.02648","0.02586","18.77M","-0.04%"
"2020年8月8日","0.02622","0.02557","0.02641","0.02549","16.99M","2.52%"
"2020年8月7日","0.02557","0.02603","0.02641","0.02520","22.87M","-1.75%"
"2020年8月6日","0.02603","0.02616","0.02637","0.02562","15.36M","-0.51%"
"2020年8月5日","0.02616","0.02584","0.02626","0.02552","17.22M","1.26%"
"2020年8月4日","0.02584","0.02606","0.02634","0.02576","17.13M","-0.85%"
"2020年8月3日","0.02606","0.02578","0.02654","0.02569","17.76M","1.06%"
"2020年8月2日","0.02578","0.02707","0.02837","0.02523","74.21M","-4.74%"
"2020年8月1日","0.02707","0.02628","0.02741","0.02610","44.52M","2.99%"
"2020年7月31日","0.02628","0.02697","0.02818","0.02614","47.86M","-2.57%"
"2020年7月30日","0.02697","0.02593","0.02840","0.02567","62.86M","3.25%"
"2020年7月29日","0.02612","0.02554","0.02682","0.02548","40.24M","2.29%"
"2020年7月28日","0.02554","0.02529","0.02591","0.02479","24.78M","0.98%"
"2020年7月27日","0.02529","0.02517","0.02593","0.02416","43.40M","0.47%"
"2020年7月26日","0.02517","0.02546","0.02583","0.02491","27.82M","-1.14%"
"2020年7月25日","0.02546","0.02554","0.02558","0.02498","13.35M","-0.30%"
"2020年7月24日","0.02554","0.02497","0.02569","0.02470","14.23M","2.29%"
"2020年7月23日","0.02497","0.02544","0.02577","0.02470","33.77M","-1.87%"
"2020年7月22日","0.02544","0.02502","0.02557","0.02458","20.91M","1.71%"
"2020年7月21日","0.02502","0.02431","0.02550","0.02404","36.17M","2.92%"
"2020年7月20日","0.02431","0.02369","0.02467","0.02360","25.18M","2.58%"
"2020年7月19日","0.02369","0.02378","0.02454","0.02331","26.57M","-0.37%"
"2020年7月18日","0.02378","0.02354","0.02385","0.02318","10.88M","1.03%"
"2020年7月17日","0.02354","0.02341","0.02364","0.02317","7.82M","0.55%"
"2020年7月16日","0.02341","0.02371","0.02383","0.02257","17.52M","-1.25%"
"2020年7月15日","0.02371","0.02412","0.02430","0.02370","13.08M","-1.70%"
"2020年7月14日","0.02412","0.02447","0.02451","0.02365","18.99M","-1.44%"
"2020年7月13日","0.02447","0.02450","0.02487","0.02437","28.87M","-0.14%"
"2020年7月12日","0.02450","0.02544","0.02565","0.02442","23.69M","-3.67%"
"2020年7月11日","0.02544","0.02498","0.02582","0.02462","18.17M","1.81%"
"2020年7月10日","0.02498","0.02513","0.02515","0.02422","19.17M","-0.59%"
"2020年7月9日","0.02513","0.02514","0.02600","0.02429","39.73M","-0.04%"
"2020年7月8日","0.02514","0.02334","0.02542","0.02334","50.60M","7.74%"
"2020年7月7日","0.02334","0.02358","0.02370","0.02334","12.99M","-1.02%"
"2020年7月6日","0.02358","0.02264","0.02411","0.02264","29.68M","4.15%"
"2020年7月5日","0.02264","0.02300","0.02305","0.02229","13.70M","-1.59%"
"2020年7月4日","0.02300","0.02286","0.02323","0.02272","10.16M","0.62%"
"2020年7月3日","0.02286","0.02265","0.02319","0.02260","12.98M","0.92%"
"2020年7月2日","0.02265","0.02288","0.02363","0.02237","21.17M","-1.02%"
"2020年7月1日","0.02288","0.02299","0.02304","0.02259","17.57M","-0.45%"
"2020年6月30日","0.02299","0.02377","0.02411","0.02261","18.98M","-3.28%"
"2020年6月29日","0.02377","0.02437","0.02469","0.02317","23.75M","-2.48%"
"2020年6月28日","0.02437","0.02416","0.02484","0.02349","22.38M","0.87%"
"2020年6月27日","0.02416","0.02626","0.02667","0.02340","47.86M","-7.98%"
"2020年6月26日","0.02626","0.02536","0.02669","0.02507","41.90M","3.52%"
"2020年6月25日","0.02536","0.02619","0.02619","0.02451","33.06M","-3.16%"
"2020年6月24日","0.02619","0.02610","0.02673","0.02473","66.48M","0.37%"
"2020年6月23日","0.02610","0.02582","0.02690","0.02539","52.16M","1.08%"
"2020年6月22日","0.02582","0.02362","0.02626","0.02360","67.99M","9.29%"
"2020年6月21日","0.02362","0.02380","0.02420","0.02338","23.09M","-0.76%"
"2020年6月20日","0.02380","0.02341","0.02390","0.02296","17.43M","1.83%"
"2020年6月19日","0.02337","0.02434","0.02434","0.02298","22.30M","-3.96%"
"2020年6月18日","0.02434","0.02358","0.02482","0.02298","80.84M","3.21%"
"2020年6月17日","0.02358","0.02238","0.02393","0.02201","51.31M","5.37%"
"2020年6月16日","0.02238","0.02243","0.02268","0.02214","13.48M","-0.23%"
"2020年6月15日","0.02243","0.02232","0.02266","0.02058","34.55M","0.49%"
"2020年6月14日","0.02232","0.02170","0.02335","0.02161","33.66M","2.88%"
"2020年6月13日","0.02170","0.02176","0.02190","0.02160","7.31M","-0.30%"
"2020年6月12日","0.02176","0.02107","0.02187","0.02090","12.85M","3.30%"
"2020年6月11日","0.02107","0.02295","0.02361","0.02101","39.44M","-8.23%"
"2020年6月10日","0.02295","0.02246","0.02316","0.02228","17.14M","2.22%"
"2020年6月9日","0.02246","0.02231","0.02291","0.02216","13.63M","0.64%"
"2020年6月8日","0.02231","0.02173","0.02255","0.02143","18.53M","2.70%"
"2020年6月7日","0.02173","0.02222","0.02222","0.02106","16.41M","-2.20%"
"2020年6月6日","0.02222","0.02236","0.02236","0.02188","12.25M","-0.65%"
"2020年6月5日","0.02236","0.02293","0.02312","0.02220","28.65M","-2.47%"
"2020年6月4日","0.02293","0.02320","0.02341","0.02258","25.19M","-1.17%"
"2020年6月3日","0.02320","0.02271","0.02385","0.02271","29.24M","2.17%"
"2020年6月2日","0.02271","0.02311","0.02431","0.02226","49.73M","-1.74%"
"2020年6月1日","0.02311","0.02262","0.02318","0.02250","25.37M","2.18%"
"2020年5月31日","0.02262","0.02326","0.02341","0.02242","30.17M","-2.77%"
"2020年5月30日","0.02326","0.02224","0.02340","0.02191","21.42M","4.57%"
"2020年5月29日","0.02224","0.02200","0.02287","0.02200","26.92M","1.10%"
"2020年5月28日","0.02200","0.02279","0.02284","0.02166","40.87M","-3.44%"
"2020年5月27日","0.02279","0.02208","0.02338","0.02188","51.95M","3.22%"
"2020年5月26日","0.02208","0.02091","0.02275","0.02080","57.37M","5.59%"
"2020年5月25日","0.02091","0.02009","0.02148","0.01963","51.95M","4.08%"
"2020年5月24日","0.02009","0.02030","0.02155","0.02002","46.44M","-1.03%"
"2020年5月23日","0.02030","0.02052","0.02099","0.01999","27.30M","-1.10%"
"2020年5月22日","0.02052","0.01798","0.02251","0.01790","74.57M","14.16%"
"2020年5月21日","0.01798","0.01900","0.01916","0.01779","11.63M","-5.36%"
"2020年5月20日","0.01900","0.01913","0.01939","0.01854","16.55M","-0.69%"
"2020年5月19日","0.01913","0.01909","0.01918","0.01860","8.17M","0.21%"
"2020年5月18日","0.01909","0.01889","0.01930","0.01876","13.08M","1.05%"
"2020年5月17日","0.01889","0.01864","0.01919","0.01854","9.24M","1.31%"
"2020年5月16日","0.01864","0.01868","0.01878","0.01841","8.03M","-0.21%"
"2020年5月15日","0.01868","0.01914","0.01921","0.01835","15.26M","-2.39%"
"2020年5月14日","0.01914","0.01887","0.01922","0.01864","12.75M","1.42%"
"2020年5月13日","0.01887","0.01814","0.01896","0.01801","9.66M","4.04%"
"2020年5月12日","0.01814","0.01774","0.01843","0.01766","7.80M","2.28%"
"2020年5月11日","0.01774","0.01844","0.01883","0.01737","23.28M","-3.81%"
"2020年5月10日","0.01844","0.02051","0.02051","0.01760","39.80M","-10.09%"
"2020年5月9日","0.02051","0.02042","0.02128","0.02000","19.83M","0.45%"
"2020年5月8日","0.02042","0.02047","0.02075","0.01995","17.43M","-0.25%"
"2020年5月7日","0.02047","0.01997","0.02059","0.01964","15.27M","2.48%"
"2020年5月6日","0.01997","0.02071","0.02086","0.01997","21.32M","-3.56%"
"2020年5月5日","0.02071","0.02000","0.02176","0.01969","34.45M","3.58%"
"2020年5月4日","0.02000","0.02029","0.02037","0.01920","9.70M","-1.44%"
"2020年5月3日","0.02029","0.02089","0.02139","0.01991","21.10M","-2.88%"
"2020年5月2日","0.02089","0.02119","0.02119","0.02052","15.02M","-1.40%"
"2020年5月1日","0.02119","0.01946","0.02166","0.01944","25.47M","8.89%"
"2020年4月30日","0.01946","0.02014","0.02145","0.01879","46.22M","-3.39%"
"2020年4月29日","0.02014","0.01865","0.02030","0.01856","41.94M","8.01%"
"2020年4月28日","0.01865","0.01791","0.01894","0.01766","22.29M","4.15%"
"2020年4月27日","0.01791","0.01803","0.01948","0.01732","61.18M","-0.70%"
"2020年4月26日","0.01803","0.01742","0.01841","0.01731","20.82M","3.49%"
"2020年4月25日","0.01742","0.01739","0.01797","0.01730","17.60M","0.18%"
"2020年4月24日","0.01739","0.01744","0.01750","0.01718","11.04M","-0.25%"
"2020年4月23日","0.01744","0.01696","0.01768","0.01671","13.03M","2.81%"
"2020年4月22日","0.01696","0.01613","0.01815","0.01605","13.21M","5.15%"
"2020年4月21日","0.01613","0.01618","0.01645","0.01590","9.94M","-0.31%"
"2020年4月20日","0.01618","0.01713","0.01743","0.01613","12.33M","-5.55%"
"2020年4月19日","0.01713","0.01770","0.01770","0.01683","6.45M","-3.24%"
"2020年4月18日","0.01770","0.01714","0.01779","0.01714","4.76M","3.27%"
"2020年4月17日","0.01714","0.01715","0.01731","0.01688","6.78M","-0.06%"
"2020年4月16日","0.01715","0.01623","0.01722","0.01605","20.03M","5.66%"
"2020年4月15日","0.01623","0.01685","0.01711","0.01620","14.29M","-3.67%"
"2020年4月14日","0.01685","0.01680","0.01714","0.01678","12.04M","0.30%"
"2020年4月13日","0.01680","0.01713","0.01713","0.01640","16.87M","-1.91%"
"2020年4月12日","0.01713","0.01704","0.01765","0.01681","22.52M","0.51%"
"2020年4月11日","0.01704","0.01726","0.01769","0.01682","29.16M","-1.24%"
"2020年4月10日","0.01726","0.01860","0.01860","0.01675","41.32M","-7.23%"
"2020年4月9日","0.01860","0.01866","0.01881","0.01821","15.13M","-0.29%"
"2020年4月8日","0.01866","0.01808","0.01866","0.01791","12.84M","3.17%"
"2020年4月7日","0.01808","0.01874","0.01925","0.01801","17.70M","-3.49%"
"2020年4月6日","0.01874","0.01730","0.01874","0.01724","20.13M","8.31%"
"2020年4月5日","0.01730","0.01766","0.01800","0.01703","22.03M","-2.02%"
"2020年4月4日","0.01766","0.01678","0.01766","0.01678","24.13M","5.20%"
"2020年4月3日","0.01678","0.01698","0.01737","0.01649","11.80M","-1.16%"
"2020年4月2日","0.01698","0.01648","0.01749","0.01637","25.99M","3.06%"
"2020年4月1日","0.01648","0.01609","0.01656","0.01573","15.04M","2.41%"
"2020年3月31日","0.01609","0.01593","0.01629","0.01593","16.65M","1.01%"
"2020年3月30日","0.01593","0.01529","0.01657","0.01509","17.52M","4.14%"
"2020年3月29日","0.01529","0.01599","0.01684","0.01518","46.35M","-4.33%"
"2020年3月28日","0.01599","0.01597","0.01647","0.01507","26.63M","0.10%"
"2020年3月27日","0.01597","0.01663","0.01683","0.01588","26.70M","-3.96%"
"2020年3月26日","0.01663","0.01642","0.01695","0.01621","21.34M","1.29%"
"2020年3月25日","0.01642","0.01707","0.01728","0.01601","19.42M","-3.82%"
"2020年3月24日","0.01707","0.01739","0.01763","0.01670","33.12M","-1.83%"
"2020年3月23日","0.01739","0.01575","0.01782","0.01548","26.62M","10.42%"
"2020年3月22日","0.01575","0.01682","0.01796","0.01545","28.35M","-6.39%"
"2020年3月21日","0.01682","0.01704","0.01741","0.01600","24.05M","-1.26%"
"2020年3月20日","0.01704","0.01687","0.01872","0.01577","57.34M","0.99%"
"2020年3月19日","0.01687","0.01456","0.01763","0.01456","95.80M","15.85%"
"2020年3月18日","0.01456","0.01444","0.01468","0.01353","25.08M","0.82%"
"2020年3月17日","0.01444","0.01314","0.01478","0.01292","20.19M","9.93%"
"2020年3月16日","0.01314","0.01517","0.01520","0.01244","61.31M","-13.40%"
"2020年3月15日","0.01517","0.01464","0.01596","0.01433","35.57M","3.62%"
"2020年3月14日","0.01464","0.01551","0.01566","0.01434","45.82M","-5.63%"
"2020年3月13日","0.01551","0.01197","0.01688","0.00877","146.25M","29.58%"
"2020年3月12日","0.01197","0.02012","0.02052","0.01111","144.56M","-40.49%"
"2020年3月11日","0.02012","0.02138","0.02172","0.01879","36.75M","-5.88%"
"2020年3月10日","0.02138","0.02137","0.02177","0.02087","42.96M","0.00%"
"2020年3月9日","0.02137","0.02145","0.02263","0.02031","46.26M","-0.33%"
"2020年3月8日","0.02145","0.02570","0.02570","0.02120","35.94M","-16.55%"
"2020年3月7日","0.02570","0.02638","0.02712","0.02559","24.12M","-2.59%"
"2020年3月6日","0.02638","0.02663","0.02723","0.02606","29.52M","-0.92%"
"2020年3月5日","0.02663","0.02554","0.02693","0.02552","23.94M","4.27%"
"2020年3月4日","0.02554","0.02557","0.02593","0.02516","7.20M","-0.12%"
"2020年3月3日","0.02557","0.02564","0.02609","0.02513","20.50M","-0.29%"
"2020年3月2日","0.02564","0.02422","0.02590","0.02414","13.27M","5.87%"
"2020年3月1日","0.02422","0.02415","0.02513","0.02398","19.09M","0.28%"
"2020年2月29日","0.02415","0.02421","0.02536","0.02413","14.94M","-0.24%"
"2020年2月28日","0.02421","0.02466","0.02543","0.02327","19.58M","-1.86%"
"2020年2月27日","0.02467","0.02391","0.02585","0.02240","37.82M","3.16%"
"2020年2月26日","0.02391","0.02871","0.02892","0.02188","147.54M","-16.69%"
"2020年2月25日","0.02871","0.03126","0.03126","0.02864","16.58M","-8.16%"
"2020年2月24日","0.03126","0.03267","0.03292","0.03078","13.56M","-4.33%"
"2020年2月23日","0.03267","0.03156","0.03295","0.03148","12.61M","3.53%"
"2020年2月22日","0.03156","0.03174","0.03230","0.03109","12.31M","-0.57%"
"2020年2月21日","0.03174","0.03107","0.03271","0.03093","16.01M","2.14%"
"2020年2月20日","0.03107","0.03100","0.03151","0.02996","21.59M","0.23%"
"2020年2月19日","0.03100","0.03351","0.03399","0.03082","30.16M","-7.50%"
"2020年2月18日","0.03351","0.03285","0.03377","0.03135","24.44M","2.01%"
"2020年2月17日","0.03285","0.03307","0.03328","0.02953","51.04M","-0.66%"
"2020年2月16日","0.03307","0.03471","0.03692","0.03020","81.73M","-4.72%"
"2020年2月15日","0.03471","0.03967","0.03992","0.03327","80.47M","-12.51%"
"2020年2月14日","0.03967","0.03911","0.04027","0.03806","53.23M","1.43%"
"2020年2月13日","0.03911","0.03571","0.04137","0.03539","88.65M","9.52%"
"2020年2月12日","0.03571","0.03653","0.03691","0.03544","39.58M","-2.24%"
"2020年2月11日","0.03653","0.03446","0.03672","0.03333","43.12M","6.02%"
"2020年2月10日","0.03446","0.03628","0.03718","0.03305","72.70M","-5.04%"
"2020年2月9日","0.03628","0.03119","0.03762","0.03119","112.38M","16.32%"
"2020年2月8日","0.03119","0.03211","0.03242","0.02962","46.06M","-2.47%"
"2020年2月7日","0.03198","0.03206","0.03273","0.03120","39.51M","-0.24%"
"2020年2月6日","0.03206","0.03074","0.03351","0.03056","74.84M","4.28%"
"2020年2月5日","0.03074","0.02986","0.03175","0.02837","69.71M","2.95%"
"2020年2月4日","0.02986","0.03023","0.03136","0.02986","58.41M","-1.05%"
"2020年2月3日","0.03018","0.03049","0.03369","0.02918","79.63M","-1.01%"
"2020年2月2日","0.03049","0.03265","0.03962","0.03010","258.77M","-6.61%"
"2020年2月1日","0.03265","0.02094","0.03334","0.02094","226.26M","55.93%"
"2020年1月31日","0.02094","0.02133","0.02157","0.02062","14.35M","-1.84%"
"2020年1月30日","0.02133","0.02054","0.02143","0.01988","14.19M","3.84%"
"2020年1月29日","0.02054","0.01948","0.02087","0.01948","10.85M","5.45%"
"2020年1月28日","0.01948","0.01906","0.01956","0.01895","8.28M","2.18%"
"2020年1月27日","0.01906","0.01865","0.01944","0.01865","15.82M","2.24%"
"2020年1月26日","0.01865","0.01836","0.01865","0.01815","8.48M","1.54%"
"2020年1月25日","0.01836","0.01839","0.01860","0.01817","4.19M","-0.14%"
"2020年1月24日","0.01839","0.01839","0.01875","0.01782","5.73M","0.00%"
"2020年1月23日","0.01839","0.01949","0.01949","0.01827","12.14M","-5.64%"
"2020年1月22日","0.01949","0.01872","0.01998","0.01862","12.05M","4.13%"
"2020年1月21日","0.01872","0.01859","0.01895","0.01840","5.66M","0.73%"
"2020年1月20日","0.01859","0.01864","0.01869","0.01803","4.25M","-0.29%"
"2020年1月19日","0.01864","0.01972","0.02050","0.01809","21.19M","-5.50%"
"2020年1月18日","0.01972","0.01968","0.02075","0.01943","23.95M","0.25%"
"2020年1月17日","0.01968","0.01864","0.01992","0.01851","25.96M","5.56%"
"2020年1月16日","0.01864","0.01878","0.01884","0.01752","22.49M","-0.73%"
"2020年1月15日","0.01878","0.01769","0.02032","0.01747","43.26M","6.14%"
"2020年1月14日","0.01769","0.01600","0.01773","0.01596","19.22M","10.57%"
"2020年1月13日","0.01600","0.01605","0.01625","0.01578","5.00M","-0.29%"
"2020年1月12日","0.01605","0.01596","0.01636","0.01585","8.03M","0.54%"
"2020年1月11日","0.01596","0.01567","0.01638","0.01551","11.40M","1.82%"
"2020年1月10日","0.01567","0.01561","0.01618","0.01536","14.32M","0.41%"
"2020年1月9日","0.01561","0.01623","0.01623","0.01530","25.27M","-3.80%"
"2020年1月8日","0.01623","0.01721","0.01765","0.01594","11.51M","-5.73%"
"2020年1月7日","0.01721","0.01695","0.01755","0.01673","17.56M","1.58%"
"2020年1月6日","0.01695","0.01537","0.01700","0.01523","15.67M","10.24%"
"2020年1月5日","0.01537","0.01532","0.01561","0.01514","13.60M","0.37%"
"2020年1月4日","0.01532","0.01498","0.01556","0.01498","13.86M","2.21%"
"2020年1月3日","0.01498","0.01453","0.01528","0.01453","29.37M","3.15%"
"2020年1月2日","0.01453","0.01486","0.01526","0.01432","22.24M","-2.24%"
"2020年1月1日","0.01486","0.01470","0.01547","0.01451","11.20M","1.08%"
"2019年12月31日","0.01470","0.01479","0.01537","0.01452","6.68M","-0.58%"
"2019年12月30日","0.01479","0.01481","0.01513","0.01468","10.92M","-0.13%"
"2019年12月29日","0.01481","0.01472","0.01549","0.01461","13.00M","0.57%"
"2019年12月28日","0.01472","0.01434","0.01518","0.01434","8.41M","2.70%"
"2019年12月27日","0.01434","0.01480","0.01486","0.01415","13.68M","-3.14%"
"2019年12月26日","0.01480","0.01521","0.01528","0.01478","9.45M","-2.68%"
"2019年12月25日","0.01521","0.01538","0.01545","0.01508","3.01M","-1.14%"
"2019年12月24日","0.01538","0.01584","0.01593","0.01512","11.67M","-3.16%"
"2019年12月23日","0.01589","0.01621","0.01647","0.01579","8.34M","-1.99%"
"2019年12月22日","0.01621","0.01573","0.01628","0.01567","3.14M","3.03%"
"2019年12月21日","0.01573","0.01592","0.01616","0.01572","4.87M","-1.20%"
"2019年12月20日","0.01592","0.01577","0.01611","0.01543","8.48M","0.94%"
"2019年12月19日","0.01577","0.01626","0.01626","0.01559","6.46M","-3.01%"
"2019年12月18日","0.01626","0.01563","0.01665","0.01486","15.28M","4.07%"
"2019年12月17日","0.01563","0.01723","0.01736","0.01543","15.23M","-9.31%"
"2019年12月16日","0.01723","0.01828","0.01830","0.01701","8.81M","-5.77%"
"2019年12月15日","0.01828","0.01840","0.01844","0.01807","4.66M","-0.65%"
"2019年12月14日","0.01840","0.01897","0.01909","0.01827","7.72M","-2.98%"
"2019年12月13日","0.01897","0.01881","0.01899","0.01861","2.09M","0.86%"
"2019年12月12日","0.01881","0.01927","0.01930","0.01875","3.26M","-2.41%"
"2019年12月11日","0.01927","0.01918","0.01938","0.01905","5.75M","0.47%"
"2019年12月10日","0.01918","0.01974","0.02004","0.01903","6.27M","-2.83%"
"2019年12月9日","0.01974","0.02009","0.02031","0.01970","5.85M","-1.75%"
"2019年12月8日","0.02009","0.02000","0.02029","0.01990","3.35M","0.45%"
"2019年12月7日","0.02000","0.01998","0.02044","0.01998","3.47M","0.09%"
"2019年12月6日","0.01998","0.01984","0.02022","0.01969","2.30M","0.71%"
"2019年12月5日","0.01984","0.01981","0.02018","0.01948","3.41M","0.19%"
"2019年12月4日","0.01981","0.02009","0.02077","0.01953","9.05M","-1.40%"
"2019年12月3日","0.02009","0.02012","0.02026","0.01983","9.29M","-0.16%"
"2019年12月2日","0.02012","0.02054","0.02060","0.02001","2.65M","-2.05%"
"2019年12月1日","0.02054","0.02100","0.02109","0.02033","11.58M","-2.20%"
"2019年11月30日","0.02100","0.02191","0.02217","0.02084","9.11M","-4.13%"
"2019年11月29日","0.02191","0.02105","0.02203","0.02095","12.71M","4.10%"
"2019年11月28日","0.02105","0.02146","0.02177","0.02096","9.65M","-1.95%"
"2019年11月27日","0.02146","0.02077","0.02200","0.01948","16.82M","3.35%"
"2019年11月26日","0.02077","0.02048","0.02128","0.02027","7.02M","1.42%"
"2019年11月25日","0.02048","0.01972","0.02152","0.01865","16.86M","3.84%"
"2019年11月24日","0.01972","0.02144","0.02144","0.01972","8.83M","-8.02%"
"2019年11月23日","0.02144","0.02089","0.02144","0.02055","5.07M","2.64%"
"2019年11月22日","0.02089","0.02228","0.02263","0.01968","26.18M","-6.25%"
"2019年11月21日","0.02228","0.02376","0.02401","0.02209","13.86M","-6.23%"
"2019年11月20日","0.02376","0.02399","0.02438","0.02351","8.83M","-0.93%"
"2019年11月19日","0.02399","0.02508","0.02512","0.02355","16.75M","-4.35%"
"2019年11月18日","0.02508","0.02630","0.02636","0.02472","7.82M","-4.65%"
"2019年11月17日","0.02630","0.02639","0.02669","0.02619","3.93M","-0.32%"
"2019年11月16日","0.02639","0.02590","0.02648","0.02579","4.35M","1.89%"
"2019年11月15日","0.02590","0.02628","0.02664","0.02575","9.27M","-1.47%"
"2019年11月14日","0.02628","0.02681","0.02683","0.02618","5.68M","-1.97%"
"2019年11月13日","0.02681","0.02680","0.02707","0.02657","2.35M","0.06%"
"2019年11月12日","0.02680","0.02697","0.02704","0.02647","13.24M","-0.66%"
"2019年11月11日","0.02697","0.02823","0.02827","0.02669","11.86M","-4.44%"
"2019年11月10日","0.02823","0.02806","0.02853","0.02773","5.45M","0.60%"
"2019年11月9日","0.02806","0.02808","0.02834","0.02779","2.81M","-0.07%"
"2019年11月8日","0.02808","0.02925","0.02959","0.02760","5.39M","-4.01%"
"2019年11月7日","0.02925","0.02978","0.02979","0.02901","3.38M","-1.75%"
"2019年11月6日","0.02978","0.02944","0.03015","0.02933","11.81M","1.14%"
"2019年11月5日","0.02944","0.02950","0.02981","0.02896","6.96M","-0.19%"
"2019年11月4日","0.02950","0.02884","0.02963","0.02855","4.22M","2.26%"
"2019年11月3日","0.02884","0.02901","0.02919","0.02842","7.25M","-0.57%"
"2019年11月2日","0.02901","0.02914","0.02959","0.02887","6.82M","-0.47%"
"2019年11月1日","0.02914","0.02880","0.02981","0.02830","15.36M","1.21%"
"2019年10月31日","0.02880","0.02835","0.02914","0.02824","6.24M","1.57%"
"2019年10月30日","0.02835","0.02910","0.02917","0.02784","8.47M","-2.59%"
"2019年10月29日","0.02910","0.02951","0.03071","0.02875","9.92M","-1.39%"
"2019年10月28日","0.02951","0.02933","0.03211","0.02916","23.95M","0.64%"
"2019年10月27日","0.02933","0.02776","0.03040","0.02752","29.37M","5.66%"
"2019年10月26日","0.02776","0.02653","0.02900","0.02653","30.97M","4.63%"
"2019年10月25日","0.02653","0.02437","0.02756","0.02419","15.09M","8.84%"
"2019年10月24日","0.02437","0.02429","0.02482","0.02392","4.03M","0.33%"
"2019年10月23日","0.02429","0.02614","0.02658","0.02398","9.53M","-7.07%"
"2019年10月22日","0.02614","0.02598","0.02702","0.02580","6.00M","0.62%"
"2019年10月21日","0.02598","0.02615","0.02679","0.02593","3.86M","-0.65%"
"2019年10月20日","0.02615","0.02559","0.02652","0.02533","7.10M","2.00%"
"2019年10月19日","0.02564","0.02547","0.02597","0.02527","3.84M","0.66%"
"2019年10月18日","0.02547","0.02615","0.02644","0.02525","2.76M","-2.62%"
"2019年10月17日","0.02615","0.02609","0.02666","0.02564","5.89M","0.26%"
"2019年10月16日","0.02609","0.02703","0.02730","0.02521","7.82M","-3.48%"
"2019年10月15日","0.02703","0.02892","0.02911","0.02581","155.19M","-6.54%"
"2019年10月14日","0.02892","0.02833","0.02911","0.02681","137.89M","2.07%"
"2019年10月13日","0.02833","0.02901","0.02915","0.02699","138.82M","-2.33%"
"2019年10月12日","0.02901","0.02899","0.02914","0.02731","129.15M","0.05%"
"2019年10月11日","0.02899","0.02820","0.02915","0.02741","137.03M","2.83%"
"2019年10月10日","0.02820","0.02927","0.02973","0.02753","135.00M","-3.67%"
"2019年10月9日","0.02927","0.02918","0.03050","0.02812","136.50M","0.31%"
"2019年10月8日","0.02918","0.02831","0.02958","0.02792","127.37M","3.05%"
"2019年10月7日","0.02831","0.02750","0.02900","0.02498","128.87M","2.96%"
"2019年10月6日","0.02750","0.02870","0.02900","0.02703","137.14M","-4.20%"
"2019年10月5日","0.02870","0.02891","0.02905","0.02793","134.56M","-0.71%"
"2019年10月4日","0.02891","0.02780","0.03215","0.02662","150.36M","4.01%"
"2019年10月3日","0.02780","0.02830","0.02919","0.02691","129.78M","-1.80%"
"2019年10月2日","0.02830","0.02849","0.03379","0.02714","140.49M","-0.64%"
"2019年10月1日","0.02849","0.02984","0.02988","0.02752","140.92M","-4.52%"
"2019年9月30日","0.02984","0.02897","0.03279","0.02772","136.17M","2.98%"
"2019年9月29日","0.02897","0.02848","0.02928","0.02764","124.15M","1.73%"
"2019年9月28日","0.02848","0.02955","0.03004","0.02782","132.61M","-3.62%"
"2019年9月27日","0.02955","0.02498","0.03119","0.02498","136.23M","18.32%"
"2019年9月26日","0.02498","0.02608","0.02808","0.02453","136.05M","-4.22%"
"2019年9月25日","0.02608","0.03700","0.03870","0.02488","13.69M","-29.52%"
"2019年9月24日","0.03700","0.03309","0.03700","0.02279","105.08M","11.81%"
"2019年9月23日","0.03309","0.03444","0.03810","0.03237","103.22M","-3.90%"
"2019年9月22日","0.03444","0.03408","0.03829","0.02910","108.82M","1.04%"
"2019年9月21日","0.03408","0.03351","0.03508","0.03323","104.08M","1.73%"
"2019年9月20日","0.03351","0.03507","0.03556","0.03351","100.78M","-4.46%"
"2019年9月19日","0.03507","0.03547","0.03829","0.03308","105.40M","-1.13%"
"2019年9月18日","0.03547","0.03451","0.03752","0.03393","105.76M","2.79%"
"2019年9月17日","0.03451","0.03409","0.03567","0.03261","99.51M","1.22%"
"2019年9月16日","0.03409","0.03389","0.03479","0.03252","100.25M","0.58%"
"2019年9月15日","0.03389","0.03420","0.03517","0.03301","96.52M","-0.89%"
"2019年9月14日","0.03420","0.03360","0.03786","0.03204","105.89M","1.79%"
"2019年9月13日","0.03360","0.03445","0.03456","0.03243","104.14M","-2.48%"
"2019年9月12日","0.03445","0.03380","0.03528","0.03293","114.84M","1.92%"
"2019年9月11日","0.03380","0.03419","0.03624","0.03293","117.20M","-1.15%"
"2019年9月10日","0.03419","0.03411","0.03837","0.03294","155.95M","0.25%"
"2019年9月9日","0.03411","0.03339","0.03478","0.03202","203.40M","2.15%"
"2019年9月8日","0.03339","0.03270","0.03848","0.03202","203.67M","2.11%"
"2019年9月7日","0.03270","0.03217","0.03339","0.03130","215.63M","1.64%"
"2019年9月6日","0.03217","0.03270","0.03388","0.03131","226.06M","-1.63%"
"2019年9月5日","0.03270","0.03181","0.03339","0.03161","216.84M","1.86%"
"2019年9月4日","0.03211","0.03511","0.03511","0.03171","212.25M","-8.55%"
"2019年9月3日","0.03511","0.03340","0.03839","0.03168","199.72M","5.12%"
"2019年9月2日","0.03340","0.03377","0.03390","0.03173","182.96M","0.31%"
"2019年9月1日","0.03329","0.03389","0.03389","0.03141","168.51M","-1.76%"
"2019年8月31日","0.03389","0.03415","0.03447","0.03271","166.67M","-0.77%"
"2019年8月30日","0.03415","0.03250","0.03740","0.03161","192.71M","4.46%"
"2019年8月29日","0.03269","0.03528","0.03620","0.03183","187.98M","-7.34%"
"2019年8月28日","0.03528","0.03948","0.04009","0.03376","207.09M","-10.64%"
"2019年8月27日","0.03948","0.03989","0.04088","0.03791","188.87M","-1.03%"
"2019年8月26日","0.03989","0.04019","0.04206","0.03911","173.31M","-0.74%"
"2019年8月25日","0.04019","0.04010","0.04139","0.03821","194.31M","0.23%"
"2019年8月24日","0.04010","0.04129","0.04139","0.03960","193.35M","-2.88%"
"2019年8月23日","0.04129","0.04099","0.04139","0.03660","182.07M","0.75%"
"2019年8月22日","0.04099","0.03969","0.04128","0.03812","179.98M","3.26%"
"2019年8月21日","0.03969","0.04209","0.04239","0.03842","198.81M","-5.69%"
"2019年8月20日","0.04209","0.04299","0.04308","0.03913","207.32M","-2.09%"
"2019年8月19日","0.04299","0.04060","0.04318","0.03477","211.37M","5.38%"
"2019年8月18日","0.04079","0.03783","0.04391","0.03440","233.43M","7.84%"
"2019年8月17日","0.03783","0.03851","0.04177","0.03448","231.77M","-1.76%"
"2019年8月16日","0.03851","0.03947","0.04236","0.03432","234.25M","-2.46%"
"2019年8月15日","0.03947","0.03891","0.04027","0.03356","240.20M","1.46%"
"2019年8月14日","0.03891","0.04240","0.04349","0.03834","217.59M","-8.25%"
"2019年8月13日","0.04240","0.04241","0.04349","0.04124","214.01M","-0.02%"
"2019年8月12日","0.04241","0.04329","0.04438","0.04183","199.49M","-2.04%"
"2019年8月11日","0.04329","0.04280","0.04478","0.04154","202.42M","1.16%"
"2019年8月10日","0.04280","0.04389","0.04505","0.04143","184.17M","-2.48%"
"2019年8月9日","0.04389","0.04460","0.04627","0.04361","197.09M","-1.61%"
"2019年8月8日","0.04460","0.04647","0.04647","0.04390","194.28M","-4.02%"
"2019年8月7日","0.04647","0.04461","0.04657","0.04392","197.99M","4.18%"
"2019年8月6日","0.04461","0.04571","0.04754","0.04401","188.54M","-2.41%"
"2019年8月5日","0.04571","0.04431","0.05501","0.04402","197.64M","3.16%"
"2019年8月4日","0.04431","0.04450","0.04598","0.04390","197.82M","-0.43%"
"2019年8月3日","0.04450","0.04451","0.04608","0.04391","193.45M","-0.03%"
"2019年8月2日","0.04451","0.04460","0.04596","0.04372","188.51M","-0.62%"
"2019年8月1日","0.04479","0.04610","0.04620","0.03978","193.60M","-0.74%"
"2019年7月31日","0.04513","0.04371","0.04619","0.04093","189.36M","3.24%"
"2019年7月30日","0.04371","0.04459","0.04539","0.03824","195.66M","-1.98%"
"2019年7月29日","0.04459","0.04390","0.04539","0.03844","195.23M","1.57%"
"2019年7月28日","0.04390","0.04330","0.04548","0.03827","200.11M","1.39%"
"2019年7月27日","0.04330","0.04500","0.04619","0.04252","200.41M","-4.19%"
"2019年7月26日","0.04519","0.04459","0.04617","0.04292","201.45M","1.35%"
"2019年7月25日","0.04459","0.04475","0.05697","0.04381","196.61M","-0.34%"
"2019年7月24日","0.04475","0.04311","0.05736","0.03846","216.89M","3.78%"
"2019年7月23日","0.04311","0.04540","0.05756","0.04158","205.95M","-5.04%"
"2019年7月22日","0.04540","0.04580","0.04728","0.04452","197.67M","-0.87%"
"2019年7月21日","0.04580","0.04656","0.04763","0.04414","187.76M","-2.93%"
"2019年7月20日","0.04718","0.04509","0.05544","0.04407","200.91M","4.64%"
"2019年7月19日","0.04509","0.04534","0.04658","0.04379","196.63M","-0.54%"
"2019年7月18日","0.04534","0.04314","0.04575","0.04071","181.19M","5.09%"
"2019年7月17日","0.04314","0.03996","0.04383","0.01061","248.87M","7.96%"
"2019年7月16日","0.03996","0.04314","0.04597","0.03915","223.61M","-7.38%"
"2019年7月15日","0.04314","0.04199","0.04588","0.03445","209.88M","2.73%"
"2019年7月14日","0.04199","0.04930","0.05524","0.04156","200.85M","-14.81%"
"2019年7月13日","0.04930","0.05099","0.05826","0.04824","173.29M","-3.32%"
"2019年7月12日","0.05099","0.05010","0.05868","0.04867","171.55M","1.78%"
"2019年7月11日","0.05010","0.05388","0.05719","0.04703","201.64M","-7.01%"
"2019年7月10日","0.05388","0.06017","0.06049","0.05168","166.20M","-10.46%"
"2019年7月9日","0.06017","0.06140","0.06222","0.05918","150.77M","-2.01%"
"2019年7月8日","0.06140","0.05958","0.06171","0.05181","164.86M","3.06%"
"2019年7月7日","0.05958","0.06036","0.06107","0.05833","152.86M","-1.45%"
"2019年7月6日","0.06045","0.06035","0.06168","0.05952","153.24M","0.17%"
"2019年7月5日","0.06035","0.05764","0.06154","0.05738","162.59M","3.92%"
"2019年7月4日","0.05807","0.06130","0.06276","0.05783","179.06M","-5.27%"
"2019年7月3日","0.06130","0.05922","0.06222","0.05785","172.21M","3.23%"
"2019年7月2日","0.05938","0.06126","0.06243","0.05662","185.07M","-3.07%"
"2019年7月1日","0.06126","0.06155","0.06500","0.05793","163.45M","-0.47%"
"2019年6月30日","0.06155","0.06759","0.06869","0.06153","152.03M","-8.94%"
"2019年6月29日","0.06759","0.06874","0.06894","0.06489","145.89M","-1.68%"
"2019年6月28日","0.06874","0.06431","0.06926","0.06376","162.24M","6.84%"
"2019年6月27日","0.06434","0.07204","0.07306","0.06185","194.88M","-10.67%"
"2019年6月26日","0.07202","0.07069","0.07979","0.06850","249.44M","1.87%"
"2019年6月25日","0.07070","0.07224","0.07295","0.06730","196.07M","-2.13%"
"2019年6月24日","0.07224","0.06541","0.07299","0.06428","231.91M","10.43%"
"2019年6月23日","0.06541","0.06493","0.06784","0.06466","167.98M","0.74%"
"2019年6月22日","0.06493","0.06413","0.06789","0.06253","195.55M","1.26%"
"2019年6月21日","0.06413","0.06264","0.06414","0.06193","175.48M","2.38%"
"2019年6月20日","0.06264","0.06368","0.06449","0.06082","171.05M","-1.63%"
"2019年6月19日","0.06368","0.06230","0.06455","0.06192","168.25M","2.20%"
"2019年6月18日","0.06230","0.06422","0.06466","0.06109","163.94M","-3.38%"
"2019年6月17日","0.06448","0.06349","0.06526","0.06275","168.76M","1.56%"
"2019年6月16日","0.06349","0.06350","0.06605","0.06257","169.34M","0.00%"
"2019年6月15日","0.06350","0.06211","0.06397","0.06154","163.59M","1.67%"
"2019年6月14日","0.06246","0.06231","0.06306","0.05973","181.10M","0.24%"
"2019年6月13日","0.06231","0.06217","0.06373","0.06075","165.20M","0.23%"
"2019年6月12日","0.06217","0.06110","0.06260","0.05984","188.15M","1.90%"
"2019年6月11日","0.06101","0.06179","0.06220","0.05896","152.07M","-1.27%"
"2019年6月10日","0.06179","0.05930","0.06251","0.05854","185.03M","4.20%"
"2019年6月9日","0.05930","0.06237","0.06306","0.05813","174.28M","-4.91%"
"2019年6月8日","0.06237","0.06367","0.06417","0.06140","160.49M","-2.04%"
"2019年6月7日","0.06367","0.06105","0.06425","0.06012","166.08M","4.29%"
"2019年6月6日","0.06105","0.05977","0.06158","0.05872","178.54M","2.14%"
"2019年6月5日","0.05977","0.05879","0.06059","0.05732","165.72M","1.67%"
"2019年6月4日","0.05879","0.06403","0.06410","0.05651","190.50M","-8.18%"
"2019年6月3日","0.06403","0.06882","0.06918","0.06156","163.03M","-6.96%"
"2019年6月2日","0.06882","0.06819","0.07027","0.06780","151.25M","0.92%"
"2019年6月1日","0.06819","0.06948","0.07080","0.06730","148.08M","-1.86%"
"2019年5月31日","0.06948","0.06737","0.06978","0.06440","147.72M","3.14%"
"2019年5月30日","0.06737","0.06872","0.07243","0.06320","215.94M","-1.96%"
"2019年5月29日","0.06872","0.07000","0.07159","0.06565","154.74M","-1.84%"
"2019年5月28日","0.07000","0.07153","0.07237","0.06859","151.78M","-2.14%"
"2019年5月27日","0.07153","0.06872","0.07234","0.06676","162.69M","3.96%"
"2019年5月26日","0.06881","0.06563","0.07032","0.06112","154.94M","4.84%"
"2019年5月25日","0.06563","0.06386","0.06862","0.06321","157.99M","2.78%"
"2019年5月24日","0.06386","0.06401","0.06566","0.06067","160.79M","-0.24%"
"2019年5月23日","0.06401","0.06319","0.06455","0.05994","167.26M","1.30%"
"2019年5月22日","0.06319","0.06486","0.06682","0.06107","158.51M","-2.58%"
"2019年5月21日","0.06486","0.06625","0.06732","0.06060","157.01M","-2.09%"
"2019年5月20日","0.06625","0.06955","0.06955","0.06132","166.21M","-3.99%"
"2019年5月19日","0.06900","0.06393","0.07078","0.06239","155.44M","7.93%"
"2019年5月18日","0.06393","0.06485","0.06581","0.06103","164.45M","-1.37%"
"2019年5月17日","0.06482","0.07033","0.07216","0.06040","209.97M","-7.83%"
"2019年5月16日","0.07033","0.06847","0.07936","0.06586","218.25M","2.73%"
"2019年5月15日","0.06846","0.06004","0.07091","0.05967","195.12M","14.02%"
"2019年5月14日","0.06004","0.05619","0.06245","0.05514","170.32M","6.85%"
"2019年5月13日","0.05619","0.05371","0.05872","0.05264","176.18M","4.62%"
"2019年5月12日","0.05371","0.05650","0.05870","0.04805","215.83M","-4.94%"
"2019年5月11日","0.05650","0.05045","0.05895","0.04968","236.50M","11.99%"
"2019年5月10日","0.05045","0.05126","0.05282","0.04885","207.20M","-1.58%"
"2019年5月9日","0.05126","0.05287","0.05382","0.04955","215.21M","-2.01%"
"2019年5月8日","0.05231","0.05165","0.05359","0.05113","195.28M","1.28%"
"2019年5月7日","0.05165","0.05317","0.05563","0.05130","200.83M","-3.01%"
"2019年5月6日","0.05326","0.05367","0.05870","0.05114","199.61M","-0.77%"
"2019年5月5日","0.05367","0.05424","0.05790","0.05243","183.17M","-1.06%"
"2019年5月4日","0.05424","0.05622","0.06085","0.05236","192.15M","-3.52%"
"2019年5月3日","0.05622","0.05301","0.05918","0.05120","191.37M","6.06%"
"2019年5月2日","0.05301","0.05260","0.05457","0.05127","189.67M","0.77%"
"2019年5月1日","0.05260","0.05261","0.05412","0.05081","192.01M","-0.01%"
"2019年4月30日","0.05261","0.04986","0.05296","0.04935","203.79M","5.50%"
"2019年4月29日","0.04986","0.05270","0.05412","0.04838","206.48M","-5.38%"
"2019年4月28日","0.05270","0.05341","0.05468","0.05222","189.44M","-0.98%"
"2019年4月27日","0.05322","0.05269","0.05444","0.05217","190.69M","-0.15%"
"2019年4月26日","0.05330","0.05213","0.05425","0.05047","207.61M","2.25%"
"2019年4月25日","0.05213","0.05428","0.05588","0.05129","205.82M","-3.97%"
"2019年4月24日","0.05428","0.06050","0.06087","0.05257","201.24M","-10.28%"
"2019年4月23日","0.06050","0.06089","0.06173","0.05901","177.11M","-0.63%"
"2019年4月22日","0.06089","0.06098","0.06146","0.05826","180.63M","-0.14%"
"2019年4月21日","0.06098","0.06200","0.06531","0.05932","214.86M","-1.65%"
"2019年4月20日","0.06200","0.06199","0.06368","0.06159","169.33M","-1.59%"
"2019年4月19日","0.06301","0.06238","0.06308","0.06100","167.81M","1.00%"
"2019年4月18日","0.06238","0.06135","0.06324","0.06135","177.16M","1.68%"
"2019年4月17日","0.06135","0.06163","0.06312","0.06034","180.52M","-0.45%"
"2019年4月16日","0.06163","0.06137","0.06183","0.05908","178.12M","0.41%"
"2019年4月15日","0.06138","0.06350","0.06482","0.06003","180.98M","-3.48%"
"2019年4月14日","0.06359","0.06226","0.06388","0.06067","165.70M","2.13%"
"2019年4月13日","0.06226","0.06339","0.06411","0.06110","151.70M","-1.79%"
"2019年4月12日","0.06339","0.06312","0.06379","0.05932","173.38M","0.43%"
"2019年4月11日","0.06312","0.07065","0.07142","0.05884","199.05M","-10.66%"
"2019年4月10日","0.07065","0.06841","0.07228","0.06819","141.30M","3.37%"
"2019年4月9日","0.06835","0.07211","0.07211","0.06723","123.22M","-5.41%"
"2019年4月8日","0.07225","0.07331","0.07498","0.06800","168.82M","-1.43%"
"2019年4月7日","0.07330","0.07288","0.07429","0.07225","126.43M","0.58%"
"2019年4月6日","0.07288","0.07367","0.07632","0.07140","167.01M","-1.08%"
"2019年4月5日","0.07367","0.07008","0.07385","0.06981","157.26M","5.12%"
"2019年4月4日","0.07008","0.07150","0.07303","0.06818","173.31M","-1.98%"
"2019年4月3日","0.07150","0.06766","0.07741","0.06765","243.07M","4.37%"
"2019年4月2日","0.06850","0.06186","0.06921","0.06086","230.48M","10.76%"
"2019年4月1日","0.06185","0.05946","0.06185","0.05916","189.21M","4.02%"
"2019年3月31日","0.05946","0.05978","0.05996","0.05869","188.41M","-0.52%"
"2019年3月30日","0.05978","0.06022","0.06280","0.05951","177.20M","-0.75%"
"2019年3月29日","0.06022","0.05822","0.06027","0.05805","195.75M","3.58%"
"2019年3月28日","0.05814","0.06103","0.06109","0.05772","207.06M","-4.74%"
"2019年3月27日","0.06104","0.05913","0.06122","0.05879","219.53M","3.44%"
"2019年3月26日","0.05901","0.05888","0.06306","0.05574","273.22M","0.21%"
"2019年3月25日","0.05888","0.05218","0.07045","0.05178","394.57M","12.85%"
"2019年3月24日","0.05218","0.05341","0.05341","0.05118","188.01M","-2.30%"
"2019年3月23日","0.05341","0.05106","0.05430","0.05068","211.56M","4.60%"
"2019年3月22日","0.05106","0.04903","0.05152","0.04877","117.42M","4.13%"
"2019年3月21日","0.04903","0.05021","0.05098","0.04798","157.34M","-2.34%"
"2019年3月20日","0.05021","0.04992","0.05083","0.04897","215.22M","0.58%"
"2019年3月19日","0.04992","0.05020","0.05077","0.04916","215.07M","-0.56%"
"2019年3月18日","0.05020","0.05060","0.05141","0.04927","209.69M","-0.80%"
"2019年3月17日","0.05060","0.05074","0.05099","0.04958","137.13M","-0.27%"
"2019年3月16日","0.05074","0.05091","0.05235","0.05050","96.69M","-0.33%"
"2019年3月15日","0.05091","0.05067","0.05213","0.04969","105.31M","0.47%"
"2019年3月14日","0.05067","0.04833","0.05114","0.04815","132.62M","4.84%"
"2019年3月13日","0.04833","0.04936","0.05064","0.04795","108.99M","-2.07%"
"2019年3月12日","0.04936","0.04679","0.05044","0.04574","134.02M","5.49%"
"2019年3月11日","0.04679","0.04673","0.04740","0.04530","103.53M","0.13%"
"2019年3月10日","0.04673","0.04751","0.04786","0.04603","102.50M","-1.64%"
"2019年3月9日","0.04751","0.04578","0.04894","0.04570","119.13M","3.76%"
"2019年3月8日","0.04578","0.04716","0.04759","0.04510","121.12M","-2.92%"
"2019年3月7日","0.04716","0.04608","0.04822","0.04602","113.91M","2.34%"
"2019年3月6日","0.04608","0.04637","0.04742","0.04569","122.51M","-0.63%"
"2019年3月5日","0.04637","0.04241","0.04828","0.04240","143.29M","9.35%"
"2019年3月4日","0.04241","0.04520","0.04533","0.04141","116.93M","-6.17%"
"2019年3月3日","0.04520","0.04527","0.04600","0.04510","98.75M","-0.15%"
"2019年3月2日","0.04527","0.04599","0.04648","0.04471","95.95M","-1.58%"
"2019年3月1日","0.04599","0.04618","0.04674","0.04573","106.16M","-0.41%"
"2019年2月28日","0.04618","0.04546","0.04624","0.04467","130.88M","1.40%"
"2019年2月27日","0.04555","0.04657","0.04723","0.04412","114.00M","-2.19%"
"2019年2月26日","0.04657","0.04694","0.04750","0.04507","123.41M","-0.78%"
"2019年2月25日","0.04694","0.04493","0.04766","0.04469","126.46M","4.48%"
"2019年2月24日","0.04493","0.04923","0.05390","0.04396","181.71M","-8.75%"
"2019年2月23日","0.04923","0.04607","0.05040","0.04559","177.13M","6.87%"
"2019年2月22日","0.04607","0.04454","0.04636","0.04440","113.38M","3.43%"
"2019年2月21日","0.04454","0.04591","0.04630","0.04366","116.87M","-2.98%"
"2019年2月20日","0.04591","0.04553","0.04700","0.04385","144.21M","0.83%"
"2019年2月19日","0.04553","0.04405","0.04737","0.04346","146.36M","3.18%"
"2019年2月18日","0.04413","0.04219","0.04466","0.04164","143.00M","4.60%"
"2019年2月17日","0.04219","0.04094","0.04246","0.04084","134.61M","3.03%"
"2019年2月16日","0.04094","0.04009","0.04218","0.04008","133.22M","2.14%"
"2019年2月15日","0.04009","0.03978","0.04070","0.03977","92.94M","0.76%"
"2019年2月14日","0.03978","0.03994","0.04024","0.03929","72.53M","-0.38%"
"2019年2月13日","0.03994","0.04059","0.04233","0.03941","70.39M","-1.62%"
"2019年2月12日","0.04059","0.03895","0.04329","0.03850","98.11M","4.23%"
"2019年2月11日","0.03895","0.04009","0.04009","0.03895","3.72M","-2.86%"
"2019年2月10日","0.04009","0.04010","0.04016","0.03852","4.43M","-0.02%"
"2019年2月9日","0.04010","0.04007","0.04110","0.03923","8.88M","0.47%"
"2019年2月8日","0.03991","0.03740","0.04177","0.03710","22.35M","6.72%"
"2019年2月7日","0.03740","0.03630","0.03804","0.03614","23.37M","3.04%"
"2019年2月6日","0.03630","0.03710","0.03730","0.03599","15.15M","-2.17%"
"2019年2月5日","0.03710","0.03730","0.03740","0.03680","13.34M","-0.53%"
"2019年2月4日","0.03730","0.03750","0.03770","0.03690","10.20M","-0.53%"
"2019年2月3日","0.03750","0.03860","0.03870","0.03690","10.01M","-2.85%"
"2019年2月2日","0.03860","0.03825","0.03880","0.03731","10.32M","0.92%"
"2019年2月1日","0.03825","0.03680","0.03839","0.03634","12.01M","3.94%"
"2019年1月31日","0.03680","0.03710","0.03740","0.03570","28.31M","-0.81%"
"2019年1月30日","0.03710","0.03680","0.03751","0.03610","33.17M","0.80%"
"2019年1月29日","0.03680","0.03471","0.03831","0.03389","48.52M","6.02%"
"2019年1月28日","0.03471","0.03721","0.03749","0.03444","14.08M","-6.70%"
"2019年1月27日","0.03721","0.03816","0.03829","0.03721","13.13M","-2.49%"
"2019年1月26日","0.03816","0.03800","0.03904","0.03771","6.12M","0.41%"
"2019年1月25日","0.03800","0.03830","0.03859","0.03758","8.30M","-0.78%"
"2019年1月24日","0.03830","0.03860","0.03898","0.03780","13.93M","-0.78%"
"2019年1月23日","0.03860","0.03907","0.03970","0.03841","23.18M","-1.20%"
"2019年1月22日","0.03907","0.03918","0.03972","0.03770","12.10M","-0.29%"
"2019年1月21日","0.03918","0.03932","0.03962","0.03880","4.73M","-0.35%"
"2019年1月20日","0.03932","0.04149","0.04177","0.03818","19.02M","-5.23%"
"2019年1月19日","0.04149","0.03878","0.04324","0.03851","42.36M","6.99%"
"2019年1月18日","0.03878","0.03860","0.03878","0.03810","4.47M","0.47%"
"2019年1月17日","0.03860","0.03897","0.03971","0.03788","12.38M","-0.95%"
"2019年1月16日","0.03897","0.03691","0.03950","0.03660","26.89M","5.58%"
"2019年1月15日","0.03691","0.03876","0.03876","0.03640","19.54M","-4.77%"
"2019年1月14日","0.03876","0.03679","0.03912","0.03679","12.31M","5.34%"
"2019年1月13日","0.03679","0.03838","0.03882","0.03638","7.26M","-4.15%"
"2019年1月12日","0.03838","0.03772","0.03943","0.03739","9.81M","1.76%"
"2019年1月11日","0.03772","0.03659","0.03836","0.03645","11.86M","3.13%"
"2019年1月10日","0.03657","0.04163","0.04342","0.03610","30.73M","-12.14%"
"2019年1月9日","0.04163","0.04187","0.04268","0.04129","6.79M","-0.58%"
"2019年1月8日","0.04187","0.04228","0.04320","0.04090","10.19M","-0.97%"
"2019年1月7日","0.04228","0.04050","0.04624","0.04041","31.64M","4.39%"
"2019年1月6日","0.04050","0.03890","0.04096","0.03864","6.40M","4.11%"
"2019年1月5日","0.03890","0.03892","0.03968","0.03871","8.70M","-0.05%"
"2019年1月4日","0.03892","0.03869","0.03978","0.03802","8.82M","0.59%"
"2019年1月3日","0.03869","0.04081","0.04090","0.03842","7.92M","-5.20%"
"2019年1月2日","0.04081","0.03909","0.04109","0.03850","15.69M","4.40%"
"2019年1月1日","0.03909","0.03740","0.03909","0.03693","10.18M","4.52%"
"2018年12月31日","0.03740","0.03890","0.03919","0.03702","9.81M","-3.86%"
"2018年12月30日","0.03890","0.03800","0.04057","0.03750","21.70M","2.37%"
"2018年12月29日","0.03800","0.03880","0.03959","0.03792","9.98M","-2.05%"
"2018年12月28日","0.03880","0.03552","0.03940","0.03459","20.49M","8.96%"
"2018年12月27日","0.03561","0.03910","0.03968","0.03551","17.80M","-8.92%"
"2018年12月26日","0.03910","0.03970","0.04178","0.03729","30.63M","-1.52%"
"2018年12月25日","0.03970","0.04518","0.04519","0.03840","32.43M","-12.14%"
"2018年12月24日","0.04518","0.04329","0.04876","0.04319","45.41M","4.15%"
"2018年12月23日","0.04338","0.04195","0.04627","0.04173","29.83M","3.42%"
"2018年12月22日","0.04195","0.04080","0.04327","0.03983","23.14M","2.81%"
"2018年12月21日","0.04080","0.04110","0.04349","0.04004","39.06M","-0.73%"
"2018年12月20日","0.04110","0.03836","0.04110","0.03786","25.06M","7.14%"
"2018年12月19日","0.03836","0.03890","0.04128","0.03800","33.28M","-1.39%"
"2018年12月18日","0.03890","0.03840","0.03920","0.03660","66.17M","1.31%"
"2018年12月17日","0.03840","0.03588","0.03940","0.03579","142.51M","7.01%"
"2018年12月16日","0.03588","0.03540","0.03710","0.03530","8.19M","1.37%"
"2018年12月15日","0.03540","0.03521","0.03560","0.03460","3.99M","0.55%"
"2018年12月14日","0.03521","0.03580","0.03650","0.03481","10.19M","-1.67%"
"2018年12月13日","0.03580","0.03730","0.03800","0.03560","8.64M","-4.02%"
"2018年12月12日","0.03730","0.03580","0.03760","0.03580","7.88M","4.19%"
"2018年12月11日","0.03580","0.03629","0.03659","0.03540","10.34M","-1.35%"
"2018年12月10日","0.03629","0.03781","0.03836","0.03581","9.01M","-4.02%"
"2018年12月9日","0.03781","0.03640","0.03900","0.03602","9.52M","3.86%"
"2018年12月8日","0.03640","0.03568","0.03819","0.03471","21.79M","2.03%"
"2018年12月7日","0.03568","0.03500","0.03680","0.03301","22.05M","2.22%"
"2018年12月6日","0.03490","0.04390","0.04428","0.03416","30.54M","-20.49%"
"2018年12月5日","0.04390","0.04710","0.04720","0.04379","9.15M","-6.80%"
"2018年12月4日","0.04710","0.04650","0.04850","0.04552","8.13M","1.30%"
"2018年12月3日","0.04650","0.04989","0.05009","0.04582","10.58M","-6.80%"
"2018年12月2日","0.04989","0.04911","0.05088","0.04823","13.97M","1.58%"
"2018年12月1日","0.04911","0.04819","0.05040","0.04700","7.75M","1.92%"
"2018年11月30日","0.04819","0.04981","0.05279","0.04681","25.17M","-3.26%"
"2018年11月29日","0.04981","0.05099","0.05313","0.04814","23.05M","-2.32%"
"2018年11月28日","0.05099","0.04620","0.05247","0.04620","15.32M","10.36%"
"2018年11月27日","0.04620","0.04602","0.04698","0.04450","10.59M","0.41%"
"2018年11月26日","0.04602","0.04974","0.05049","0.04411","22.58M","-7.66%"
"2018年11月25日","0.04983","0.04690","0.05075","0.04340","32.93M","6.25%"
"2018年11月24日","0.04690","0.05240","0.05371","0.04471","20.17M","-10.48%"
"2018年11月23日","0.05240","0.05244","0.05408","0.05042","18.24M","-0.09%"
"2018年11月22日","0.05244","0.05501","0.05599","0.05235","9.00M","-4.68%"
"2018年11月21日","0.05501","0.05315","0.05585","0.05002","21.35M","3.51%"
"2018年11月20日","0.05315","0.06122","0.06255","0.05036","44.67M","-13.18%"
"2018年11月19日","0.06122","0.07227","0.07239","0.06001","33.29M","-15.29%"
"2018年11月18日","0.07227","0.07219","0.07360","0.07170","5.95M","0.11%"
"2018年11月17日","0.07219","0.07420","0.07429","0.07061","7.28M","-2.71%"
"2018年11月16日","0.07420","0.07692","0.07720","0.07182","11.84M","-3.53%"
"2018年11月15日","0.07692","0.07912","0.08067","0.07112","15.63M","-2.77%"
"2018年11月14日","0.07911","0.09379","0.09429","0.07302","19.14M","-15.65%"
"2018年11月13日","0.09379","0.09457","0.09549","0.09281","3.64M","-0.83%"
"2018年11月12日","0.09457","0.09583","0.09657","0.09400","3.46M","-1.31%"
"2018年11月11日","0.09583","0.09639","0.09649","0.09401","3.23M","-0.58%"
"2018年11月10日","0.09639","0.09410","0.09797","0.09380","3.54M","2.43%"
"2018年11月9日","0.09410","0.09599","0.09695","0.09410","4.86M","-1.97%"
"2018年11月8日","0.09599","0.09963","0.09973","0.09528","3.72M","-3.65%"
"2018年11月7日","0.09963","0.09930","0.10133","0.09839","3.92M","0.33%"
"2018年11月6日","0.09930","0.09755","0.09984","0.09694","5.92M","1.79%"
"2018年11月5日","0.09755","0.09918","0.09918","0.09677","3.72M","-1.64%"
"2018年11月4日","0.09918","0.09668","0.09946","0.09591","5.80M","2.59%"
"2018年11月3日","0.09668","0.09722","0.09727","0.09571","3.52M","-0.55%"
"2018年11月2日","0.09722","0.09590","0.09866","0.09570","2.77M","1.38%"
"2018年11月1日","0.09590","0.09638","0.09678","0.09512","1.59M","-0.50%"
"2018年10月31日","0.09638","0.09596","0.09739","0.09446","2.84M","0.43%"
"2018年10月30日","0.09596","0.09537","0.09654","0.09515","2.44M","0.62%"
"2018年10月29日","0.09537","0.09962","0.10030","0.09471","5.01M","-4.26%"
"2018年10月28日","0.09962","0.09770","0.10103","0.09679","5.20M","1.96%"
"2018年10月27日","0.09770","0.09882","0.09936","0.09666","2.55M","-1.13%"
"2018年10月26日","0.09882","0.09928","0.10019","0.09786","1.93M","-0.47%"
"2018年10月25日","0.09928","0.10169","0.10169","0.09741","7.30M","-2.37%"
"2018年10月24日","0.10169","0.10040","0.10253","0.10012","6.21M","1.29%"
"2018年10月23日","0.10040","0.10167","0.10250","0.09953","3.58M","-1.24%"
"2018年10月22日","0.10167","0.10462","0.10462","0.10090","3.86M","-2.82%"
"2018年10月21日","0.10462","0.10216","0.10689","0.10177","11.22M","2.41%"
"2018年10月20日","0.10216","0.09920","0.10226","0.09836","5.58M","2.99%"
"2018年10月19日","0.09920","0.09965","0.10032","0.09809","3.14M","-0.45%"
"2018年10月18日","0.09965","0.10456","0.10499","0.09872","3.59M","-4.70%"
"2018年10月17日","0.10456","0.10558","0.10654","0.10388","2.70M","-0.97%"
"2018年10月16日","0.10558","0.10644","0.10786","0.10421","3.88M","-0.81%"
"2018年10月15日","0.10644","0.09779","0.11842","0.09727","18.49M","8.85%"
"2018年10月14日","0.09779","0.09975","0.10135","0.09770","5.11M","-1.78%"
"2018年10月13日","0.09957","0.09896","0.10048","0.09865","5.35M","0.61%"
"2018年10月12日","0.09896","0.09688","0.10016","0.09351","6.14M","2.14%"
"2018年10月11日","0.09688","0.11093","0.11113","0.09558","18.30M","-12.66%"
"2018年10月10日","0.11093","0.11066","0.11178","0.10862","6.90M","0.24%"
"2018年10月9日","0.11066","0.11211","0.11293","0.10979","3.28M","-1.29%"
"2018年10月8日","0.11211","0.11160","0.11441","0.11047","3.28M","0.46%"
"2018年10月7日","0.11160","0.11015","0.11196","0.10928","3.35M","1.32%"
"2018年10月6日","0.11015","0.11195","0.11254","0.10953","3.72M","-1.61%"
"2018年10月5日","0.11195","0.11176","0.11303","0.11069","4.27M","0.18%"
"2018年10月4日","0.11176","0.10893","0.11290","0.10893","4.22M","2.59%"
"2018年10月3日","0.10893","0.11214","0.11214","0.10762","4.27M","-2.86%"
"2018年10月2日","0.11214","0.11245","0.11334","0.11067","6.02M","-0.27%"
"2018年10月1日","0.11245","0.11396","0.11513","0.10986","4.14M","-1.32%"
"2018年9月30日","0.11396","0.11425","0.11666","0.11267","3.25M","-0.25%"
"2018年9月29日","0.11425","0.11431","0.11602","0.11102","6.24M","-0.05%"
"2018年9月28日","0.11431","0.11827","0.11992","0.11337","4.48M","-3.35%"
"2018年9月27日","0.11827","0.11312","0.11978","0.11144","5.97M","4.55%"
"2018年9月26日","0.11312","0.11334","0.11723","0.11072","5.20M","-0.19%"
"2018年9月25日","0.11334","0.11675","0.11693","0.10824","7.02M","-2.92%"
"2018年9月24日","0.11675","0.12515","0.12524","0.11535","6.53M","-6.71%"
"2018年9月23日","0.12515","0.12351","0.12854","0.12208","5.30M","1.33%"
"2018年9月22日","0.12351","0.12826","0.13171","0.11965","12.88M","-3.70%"
"2018年9月21日","0.12826","0.12229","0.12874","0.12041","12.36M","4.88%"
"2018年9月20日","0.12229","0.11531","0.12469","0.11432","6.95M","6.05%"
"2018年9月19日","0.11531","0.11519","0.12173","0.11011","7.32M","0.10%"
"2018年9月18日","0.11519","0.10898","0.11770","0.10830","7.51M","5.70%"
"2018年9月17日","0.10898","0.11802","0.12035","0.10663","9.67M","-7.66%"
"2018年9月16日","0.11802","0.11762","0.11932","0.11238","11.54M","0.07%"
"2018年9月15日","0.11794","0.11202","0.12255","0.11004","10.07M","5.30%"
"2018年9月14日","0.11201","0.10262","0.11475","0.10117","17.80M","9.15%"
"2018年9月13日","0.10262","0.09454","0.10386","0.09454","10.12M","8.54%"
"2018年9月12日","0.09454","0.09378","0.09501","0.08991","5.97M","0.82%"
"2018年9月11日","0.09378","0.09644","0.09789","0.09143","4.92M","-2.76%"
"2018年9月10日","0.09644","0.09658","0.09942","0.09374","5.67M","-0.14%"
"2018年9月9日","0.09658","0.09537","0.10011","0.09461","5.94M","1.26%"
"2018年9月8日","0.09537","0.10130","0.10261","0.09296","8.46M","-5.85%"
"2018年9月7日","0.10130","0.10364","0.10528","0.09921","8.61M","-2.26%"
"2018年9月6日","0.10364","0.09943","0.10488","0.09434","12.49M","4.23%"
"2018年9月5日","0.09943","0.12259","0.12482","0.09891","25.05M","-18.89%"
"2018年9月4日","0.12259","0.12166","0.12601","0.12055","6.12M","0.76%"
"2018年9月3日","0.12166","0.12325","0.12456","0.11824","8.59M","-1.29%"
"2018年9月2日","0.12325","0.12574","0.12644","0.11948","14.64M","-1.97%"
"2018年9月1日","0.12574","0.11753","0.12831","0.11753","10.19M","6.99%"
"2018年8月31日","0.11753","0.11409","0.11890","0.11211","9.62M","3.02%"
"2018年8月30日","0.11409","0.11808","0.11893","0.10938","6.22M","-3.38%"
"2018年8月29日","0.11808","0.12031","0.12186","0.11485","8.80M","-1.86%"
"2018年8月28日","0.12031","0.11286","0.12164","0.11031","11.27M","6.60%"
"2018年8月27日","0.11286","0.10608","0.11296","0.10507","4.94M","6.39%"
"2018年8月26日","0.10608","0.10761","0.10761","0.10303","4.79M","-1.42%"
"2018年8月25日","0.10761","0.10677","0.10956","0.10477","4.65M","0.79%"
"2018年8月24日","0.10677","0.10515","0.10738","0.10302","5.79M","1.55%"
"2018年8月23日","0.10515","0.10407","0.10606","0.10116","8.41M","1.03%"
"2018年8月22日","0.10407","0.10519","0.11294","0.10100","6.91M","-1.06%"
"2018年8月21日","0.10519","0.10150","0.10753","0.09902","8.76M","3.28%"
"2018年8月20日","0.10186","0.11260","0.11426","0.10123","8.29M","-9.54%"
"2018年8月19日","0.11260","0.10824","0.11549","0.10598","10.41M","4.04%"
"2018年8月18日","0.10824","0.11929","0.12364","0.10426","17.28M","-9.26%"
"2018年8月17日","0.11928","0.09862","0.11975","0.09829","18.49M","20.95%"
"2018年8月16日","0.09862","0.09770","0.10285","0.09530","7.58M","0.94%"
"2018年8月15日","0.09770","0.09818","0.10488","0.09583","16.02M","-0.68%"
"2018年8月14日","0.09837","0.11074","0.11074","0.09104","25.63M","-11.17%"
"2018年8月13日","0.11074","0.11587","0.12286","0.11000","6.67M","-4.43%"
"2018年8月12日","0.11587","0.11499","0.11958","0.11262","4.83M","0.76%"
"2018年8月11日","0.11499","0.12104","0.12180","0.11230","13.27M","-5.00%"
"2018年8月10日","0.12104","0.13010","0.13094","0.12000","10.49M","-6.96%"
"2018年8月9日","0.13010","0.12790","0.13457","0.11840","19.33M","1.72%"
"2018年8月8日","0.12790","0.15437","0.15506","0.12355","37.18M","-17.16%"
"2018年8月7日","0.15440","0.15870","0.16681","0.15265","6.75M","-2.71%"
"2018年8月6日","0.15870","0.16101","0.16337","0.15657","4.06M","-1.43%"
"2018年8月5日","0.16101","0.15736","0.16200","0.15614","3.20M","2.32%"
"2018年8月4日","0.15736","0.16212","0.16771","0.15516","3.66M","-2.94%"
"2018年8月3日","0.16212","0.16171","0.16448","0.15571","7.62M","0.25%"
"2018年8月2日","0.16171","0.16583","0.17097","0.16015","5.69M","-2.49%"
"2018年8月1日","0.16583","0.16455","0.16673","0.15813","6.09M","0.78%"
"2018年7月31日","0.16455","0.18286","0.18286","0.16098","16.18M","-10.01%"
"2018年7月30日","0.18286","0.19552","0.19552","0.17385","9.45M","-6.47%"
"2018年7月29日","0.19552","0.19290","0.19779","0.18936","5.68M","1.46%"
"2018年7月28日","0.19270","0.19804","0.19953","0.19009","9.85M","-2.69%"
"2018年7月27日","0.19804","0.19945","0.20102","0.18235","14.01M","-0.71%"
"2018年7月26日","0.19945","0.20833","0.21211","0.19724","6.17M","-4.26%"
"2018年7月25日","0.20833","0.21195","0.21410","0.20280","6.09M","-1.71%"
"2018年7月24日","0.21195","0.20381","0.21744","0.20009","5.42M","3.99%"
"2018年7月23日","0.20381","0.20036","0.21238","0.19944","4.70M","1.72%"
"2018年7月22日","0.20036","0.20392","0.20791","0.19846","4.46M","-1.75%"
"2018年7月21日","0.20392","0.20041","0.20825","0.19110","5.60M","1.75%"
"2018年7月20日","0.20041","0.22176","0.22257","0.19506","10.14M","-9.63%"
"2018年7月19日","0.22176","0.21627","0.22858","0.20365","14.40M","2.54%"
"2018年7月18日","0.21627","0.22127","0.23743","0.21139","16.51M","-2.22%"
"2018年7月17日","0.22119","0.20668","0.22748","0.19040","19.08M","7.02%"
"2018年7月16日","0.20668","0.17595","0.20714","0.17454","21.46M","17.47%"
"2018年7月15日","0.17595","0.16522","0.17972","0.16176","12.74M","6.49%"
"2018年7月14日","0.16522","0.15787","0.16573","0.15547","2.34M","4.66%"
"2018年7月13日","0.15787","0.15421","0.16270","0.15358","16.24M","2.37%"
"2018年7月12日","0.15421","0.15882","0.16036","0.14816","12.10M","-2.90%"
"2018年7月11日","0.15882","0.16011","0.16660","0.15235","19.51M","-0.92%"
"2018年7月10日","0.16029","0.17986","0.18093","0.15758","15.86M","-10.88%"
"2018年7月9日","0.17986","0.18118","0.19095","0.17733","7.95M","-0.73%"
"2018年7月8日","0.18118","0.17728","0.18476","0.17603","9.33M","2.20%"
"2018年7月7日","0.17728","0.17003","0.17728","0.16517","4.43M","4.26%"
"2018年7月6日","0.17003","0.17117","0.17137","0.16050","6.13M","-0.67%"
"2018年7月5日","0.17117","0.16905","0.17792","0.16483","8.25M","1.26%"
"2018年7月4日","0.16905","0.15792","0.17570","0.14932","11.80M","7.04%"
"2018年7月3日","0.15792","0.16072","0.17035","0.15569","13.56M","-1.74%"
"2018年7月2日","0.16072","0.13979","0.16193","0.13679","10.53M","14.98%"
"2018年7月1日","0.13979","0.13852","0.14000","0.13527","2.77M","0.92%"
"2018年6月30日","0.13852","0.13378","0.14099","0.13346","2.95M","3.54%"
"2018年6月29日","0.13378","0.12705","0.13546","0.12528","4.74M","5.30%"
"2018年6月28日","0.12705","0.13612","0.13635","0.12594","1.44M","-6.67%"
"2018年6月27日","0.13612","0.13078","0.13674","0.12920","3.96M","4.09%"
"2018年6月26日","0.13078","0.13947","0.14191","0.13016","4.84M","-6.23%"
"2018年6月25日","0.13947","0.13497","0.14422","0.13272","4.96M","3.33%"
"2018年6月24日","0.13497","0.13778","0.13850","0.12000","11.48M","-2.04%"
"2018年6月23日","0.13778","0.13893","0.14078","0.13050","8.20M","-0.63%"
"2018年6月22日","0.13865","0.15968","0.15983","0.13384","19.27M","-13.17%"
"2018年6月21日","0.15968","0.16346","0.16511","0.15879","5.62M","-2.31%"
"2018年6月20日","0.16346","0.16248","0.16349","0.15597","5.48M","0.82%"
"2018年6月19日","0.16212","0.16306","0.16529","0.15867","5.40M","-0.15%"
"2018年6月18日","0.16236","0.15963","0.16761","0.15538","5.76M","1.95%"
"2018年6月17日","0.15926","0.16049","0.16375","0.15859","3.11M","-0.77%"
"2018年6月16日","0.16049","0.15636","0.16250","0.15618","4.18M","2.64%"
"2018年6月15日","0.15637","0.16571","0.16571","0.15563","11.29M","-5.63%"
"2018年6月14日","0.16571","0.15622","0.16889","0.15312","14.68M","5.89%"
"2018年6月13日","0.15649","0.15612","0.15948","0.14858","19.04M","0.36%"
"2018年6月12日","0.15594","0.17521","0.17730","0.15151","18.25M","-11.00%"
"2018年6月11日","0.17522","0.17163","0.18006","0.15245","21.45M","2.09%"
"2018年6月10日","0.17164","0.20680","0.20680","0.16397","24.14M","-17.00%"
"2018年6月9日","0.20680","0.21233","0.21641","0.20680","7.05M","-2.61%"
"2018年6月8日","0.21234","0.21994","0.22112","0.21026","6.16M","-3.46%"
"2018年6月7日","0.21994","0.21896","0.22602","0.21521","6.87M","0.43%"
"2018年6月6日","0.21901","0.22748","0.23077","0.21274","8.61M","-3.73%"
"2018年6月5日","0.22748","0.21648","0.22984","0.20500","14.70M","4.61%"
"2018年6月4日","0.21746","0.23249","0.23693","0.21330","16.33M","-6.43%"
"2018年6月3日","0.23241","0.22505","0.24673","0.22470","25.28M","3.19%"
"2018年6月2日","0.22522","0.20731","0.22680","0.20569","16.69M","8.50%"
"2018年6月1日","0.20758","0.19863","0.20991","0.19734","13.20M","4.28%"
"2018年5月31日","0.19905","0.19672","0.20459","0.19353","8.65M","1.14%"
"2018年5月30日","0.19681","0.19887","0.20684","0.18863","8.63M","-1.04%"
"2018年5月29日","0.19887","0.18547","0.20217","0.18347","10.97M","7.17%"
"2018年5月28日","0.18556","0.20270","0.20737","0.18473","12.20M","-8.46%"
"2018年5月27日","0.20270","0.20091","0.20591","0.19058","8.35M","1.19%"
"2018年5月26日","0.20031","0.19394","0.20423","0.19135","6.62M","3.29%"
"2018年5月25日","0.19394","0.20552","0.20758","0.19009","10.04M","-5.63%"
"2018年5月24日","0.20552","0.19429","0.20791","0.18022","28.05M","6.17%"
"2018年5月23日","0.19358","0.22668","0.23223","0.18605","25.94M","-14.65%"
"2018年5月22日","0.22679","0.25270","0.25297","0.22507","10.33M","-10.25%"
"2018年5月21日","0.25270","0.26650","0.26668","0.24815","6.54M","-5.18%"
"2018年5月20日","0.26650","0.25710","0.27056","0.25350","5.98M","3.66%"
"2018年5月19日","0.25710","0.25362","0.27037","0.24683","7.37M","1.41%"
"2018年5月18日","0.25353","0.24508","0.25649","0.23660","6.91M","3.45%"
"2018年5月17日","0.24508","0.24866","0.26699","0.24023","14.68M","-1.44%"
"2018年5月16日","0.24865","0.25045","0.25218","0.23770","11.07M","-0.72%"
"2018年5月15日","0.25045","0.25013","0.26979","0.24446","16.35M","0.24%"
"2018年5月14日","0.24986","0.25517","0.25773","0.23508","18.23M","-2.08%"
"2018年5月13日","0.25517","0.24906","0.25771","0.23286","20.37M","4.76%"
"2018年5月12日","0.24358","0.23899","0.25315","0.21224","29.90M","1.92%"
"2018年5月11日","0.23899","0.27023","0.27545","0.23046","34.12M","-11.59%"
"2018年5月10日","0.27031","0.30722","0.32302","0.26909","14.24M","-12.01%"
"2018年5月9日","0.30722","0.31243","0.31322","0.28856","10.82M","-1.84%"
"2018年5月8日","0.31298","0.32027","0.32312","0.30330","9.58M","-1.14%"
"2018年5月7日","0.31660","0.33179","0.33415","0.29427","17.99M","-4.58%"
"2018年5月6日","0.33179","0.35192","0.35368","0.30518","24.20M","-6.09%"
"2018年5月5日","0.35330","0.35142","0.36894","0.34936","11.40M","0.54%"
"2018年5月4日","0.35142","0.35966","0.36658","0.34487","15.25M","-2.29%"
"2018年5月3日","0.35966","0.37585","0.38659","0.35735","18.94M","-4.41%"
"2018年5月2日","0.37624","0.36616","0.37830","0.35736","8.50M","2.69%"
"2018年5月1日","0.36637","0.36151","0.38439","0.32395","12.37M","1.34%"
"2018年4月30日","0.36151","0.34502","0.41260","0.32707","27.93M","4.60%"
"2018年4月29日","0.34563","0.28235","0.35984","0.27293","17.37M","22.41%"
"2018年4月28日","0.28235","0.26047","0.28523","0.25939","5.33M","8.40%"
"2018年4月27日","0.26047","0.27542","0.28290","0.26007","12.69M","-5.57%"
"2018年4月26日","0.27583","0.24769","0.27583","0.24049","15.86M","10.98%"
"2018年4月25日","0.24853","0.29328","0.29566","0.24258","30.76M","-15.87%"
"2018年4月24日","0.29541","0.26897","0.30543","0.26897","23.89M","9.83%"
"2018年4月23日","0.26897","0.26253","0.27368","0.26066","13.18M","2.45%"
"2018年4月22日","0.26253","0.26631","0.27623","0.25422","20.01M","-1.42%"
"2018年4月21日","0.26631","0.27864","0.28535","0.24304","31.85M","-4.42%"
"2018年4月20日","0.27864","0.24460","0.27931","0.23783","24.75M","13.92%"
"2018年4月19日","0.24460","0.22727","0.24536","0.22184","11.21M","7.63%"
"2018年4月18日","0.22727","0.21107","0.22913","0.21017","11.69M","7.68%"
"2018年4月17日","0.21107","0.21174","0.21997","0.20972","10.85M","-0.18%"
"2018年4月16日","0.21145","0.22776","0.22907","0.20052","16.81M","-7.16%"
"2018年4月15日","0.22776","0.18569","0.23124","0.18568","62.53M","22.66%"
"2018年4月14日","0.18569","0.18613","0.19384","0.17629","23.42M","-0.24%"
"2018年4月13日","0.18613","0.17892","0.20824","0.17892","40.38M","4.03%"
"2018年4月12日","0.17892","0.15614","0.17984","0.14861","28.37M","14.59%"
"2018年4月11日","0.15614","0.14157","0.15805","0.14120","12.15M","10.30%"
"2018年4月10日","0.14157","0.13913","0.14290","0.13758","4.65M","2.22%"
"2018年4月9日","0.13849","0.14416","0.14665","0.13795","7.79M","-3.93%"
"2018年4月8日","0.14416","0.14087","0.14464","0.14087","2.98M","2.33%"
"2018年4月7日","0.14087","0.13860","0.14548","0.13842","7.47M","1.64%"
"2018年4月6日","0.13860","0.14373","0.14799","0.13767","5.24M","-3.57%"
"2018年4月5日","0.14373","0.13776","0.14719","0.13376","11.67M","4.33%"
"2018年4月4日","0.13776","0.15125","0.15174","0.13468","11.11M","-8.92%"
"2018年4月3日","0.15125","0.14710","0.16300","0.14710","19.79M","2.82%"
"2018年4月2日","0.14710","0.12739","0.14954","0.12672","15.69M","15.47%"
"2018年4月1日","0.12739","0.12689","0.12807","0.12000","4.41M","0.40%"
"2018年3月31日","0.12689","0.12609","0.13179","0.12531","6.77M","0.54%"
"2018年3月30日","0.12621","0.12891","0.13340","0.12224","15.13M","-2.10%"
"2018年3月29日","0.12892","0.14449","0.14566","0.12670","9.49M","-10.78%"
"2018年3月28日","0.14449","0.14102","0.15014","0.14063","5.14M","2.46%"
"2018年3月27日","0.14102","0.14570","0.15069","0.13683","5.67M","-3.21%"
"2018年3月26日","0.14570","0.16074","0.16118","0.13996","5.86M","-9.36%"
"2018年3月25日","0.16074","0.16152","0.16577","0.15497","3.27M","-0.49%"
"2018年3月24日","0.16152","0.16479","0.16796","0.15966","4.44M","-1.97%"
"2018年3月23日","0.16478","0.16010","0.16479","0.15304","3.94M","2.92%"
"2018年3月22日","0.16010","0.16025","0.16579","0.15210","9.51M","-0.09%"
"2018年3月21日","0.16025","0.16119","0.16666","0.15466","14.90M","-0.59%"
"2018年3月20日","0.16119","0.14868","0.16322","0.14794","15.07M","8.42%"
"2018年3月19日","0.14868","0.13516","0.14926","0.13350","10.01M","10.00%"
"2018年3月18日","0.13516","0.14580","0.14580","0.12027","8.28M","-7.30%"
"2018年3月17日","0.14580","0.15009","0.15168","0.14496","5.39M","-2.86%"
"2018年3月16日","0.15009","0.15044","0.15732","0.14865","7.00M","-0.23%"
"2018年3月15日","0.15044","0.14614","0.15610","0.13715","12.72M","2.94%"
"2018年3月14日","0.14614","0.16198","0.16527","0.14502","6.58M","-9.78%"
"2018年3月13日","0.16198","0.16187","0.16742","0.15835","5.50M","0.07%"
"2018年3月12日","0.16187","0.16716","0.17490","0.15630","4.33M","-3.17%"
"2018年3月11日","0.16717","0.16760","0.16826","0.15966","4.81M","-0.26%"
"2018年3月10日","0.16760","0.16980","0.17808","0.16757","8.61M","-1.30%"
"2018年3月9日","0.16980","0.16325","0.16980","0.15041","13.43M","4.01%"
"2018年3月8日","0.16325","0.17437","0.18816","0.16210","12.94M","-6.38%"
"2018年3月7日","0.17437","0.18972","0.19650","0.17000","15.94M","-8.09%"
"2018年3月6日","0.18972","0.21773","0.22122","0.18684","9.30M","-12.86%"
"2018年3月5日","0.21773","0.22648","0.22978","0.21687","7.09M","-3.86%"
"2018年3月4日","0.22648","0.22036","0.22706","0.21125","6.51M","2.71%"
"2018年3月3日","0.22050","0.23016","0.23351","0.21495","7.50M","-4.19%"
"2018年3月2日","0.23016","0.23949","0.23953","0.22528","6.13M","-3.90%"
"2018年3月1日","0.23949","0.22187","0.24399","0.21938","20.13M","8.36%"
"2018年2月28日","0.22102","0.21926","0.23027","0.21137","15.86M","0.80%"
"2018年2月27日","0.21926","0.22053","0.22775","0.21486","14.66M","-0.58%"
"2018年2月26日","0.22053","0.21701","0.23031","0.21060","9.80M","1.44%"
"2018年2月25日","0.21740","0.21700","0.22630","0.21000","13.45M","0.18%"
"2018年2月24日","0.21700","0.22730","0.23310","0.21510","18.21M","-4.53%"
"2018年2月23日","0.22730","0.22600","0.23670","0.21520","20.54M","0.58%"
"2018年2月22日","0.22600","0.21860","0.25000","0.20760","33.32M","3.39%"
"2018年2月21日","0.21860","0.24710","0.24990","0.21630","26.28M","-11.53%"
"2018年2月20日","0.24710","0.26630","0.27000","0.24500","27.58M","-7.21%"
"2018年2月19日","0.26630","0.25640","0.27460","0.25260","15.06M","3.86%"
"2018年2月18日","0.25640","0.28030","0.28220","0.25050","28.70M","-8.53%"
"2018年2月17日","0.28030","0.27160","0.28850","0.26680","27.35M","3.20%"
"2018年2月16日","0.27160","0.26860","0.27500","0.25000","24.56M","1.12%"
"2018年2月15日","0.26860","0.27310","0.27440","0.25250","26.03M","-1.65%"
"2018年2月14日","0.27310","0.23610","0.27490","0.23590","35.57M","15.67%"
"2018年2月13日","0.23610","0.24540","0.24890","0.22910","25.83M","-3.79%"
"2018年2月12日","0.24540","0.23720","0.25580","0.23340","23.46M","3.46%"
"2018年2月11日","0.23720","0.24690","0.25380","0.22320","39.56M","-3.93%"
"2018年2月10日","0.24690","0.26090","0.28180","0.23450","49.07M","-5.37%"
"2018年2月9日","0.26090","0.23450","0.26480","0.21500","49.66M","11.26%"
"2018年2月8日","0.23450","0.21330","0.24500","0.21240","43.70M","9.94%"
"2018年2月7日","0.21330","0.22340","0.24770","0.19970","77.69M","-4.52%"
"2018年2月6日","0.22340","0.20110","0.23000","0.16410","171.56M","11.09%"
"2018年2月5日","0.20110","0.26880","0.27490","0.19340","119.87M","-24.96%"
"2018年2月4日","0.26800","0.34000","0.34480","0.25880","52.93M","-21.18%"
"2018年2月3日","0.34000","0.32720","0.35660","0.28780","23.05M","3.91%"
"2018年2月2日","0.32720","0.39620","0.40090","0.25880","63.87M","-17.42%"
"2018年2月1日","0.39620","0.44510","0.46350","0.38580","22.86M","-11.48%"
"2018年1月31日","0.44760","0.40520","0.45480","0.37010","22.58M","10.46%"
"2018年1月30日","0.40520","0.45790","0.47660","0.38610","18.74M","-11.51%"
"2018年1月29日","0.45790","0.51450","0.51670","0.45540","14.25M","-11.00%"
"2018年1月28日","0.51450","0.53230","0.55500","0.48290","17.23M","-3.34%"
"2018年1月27日","0.53230","0.46630","0.55000","0.46600","25.21M","14.18%"
"2018年1月26日","0.46620","0.43790","0.48100","0.38380","29.58M","6.46%"
"2018年1月25日","0.43790","0.42290","0.46490","0.40300","27.85M","3.55%"
"2018年1月24日","0.42290","0.33500","0.43100","0.32520","31.41M","27.19%"
"2018年1月23日","0.33250","0.33940","0.37150","0.30080","25.89M","-2.03%"
"2018年1月22日","0.33940","0.38810","0.40070","0.30600","28.12M","-12.55%"
"2018年1月21日","0.38810","0.46380","0.47570","0.35310","26.46M","-16.32%"
"2018年1月20日","0.46380","0.41010","0.48100","0.39160","17.86M","13.09%"
"2018年1月19日","0.41010","0.35950","0.42000","0.32550","20.17M","13.98%"
"2018年1月18日","0.35980","0.35750","0.39900","0.31250","30.69M","0.64%"
"2018年1月17日","0.35750","0.33020","0.38090","0.23900","50.61M","8.27%"
"2018年1月16日","0.33020","0.55210","0.55530","0.30200","39.34M","-40.19%"